[0m[38;2;123;124;145;48;2;124;127;146m¸[0m[7m[38;2;125;128;147m⠀⠀⠀⠀⠀[0m[38;2;125;129;147;48;2;125;128;147m⢀[0m[7m[38;2;125;128;147m⠀[0m[38;2;125;128;147;48;2;124;127;146m˙[38;2;120;121;142m▁🬭[38;2;123;125;145;48;2;120;120;142m𜴄[38;2;124;126;146m🮇[0m[7m[38;2;125;128;147m⠀⠀⠀⠀[0m[38;2;136;138;161;48;2;125;128;147m🬞[38;2;126;129;149;48;2;137;139;162m🭘[38;2;131;133;154;48;2;140;141;165m𜺫[38;2;129;132;152m🮂[38;2;136;137;160;48;2;124;127;146m▍[38;2;127;129;149;48;2;123;125;145m𜺠[38;2;140;141;165;48;2;127;129;147m▁[38;2;115;116;132;48;2;125;127;147m𜺫[38;2;113;115;129;48;2;121;122;143m🭣[38;2;118;119;139;48;2;111;112;126m🭑[38;2;111;114;127;48;2;118;119;139m𜴆[38;2;112;114;129;48;2;119;119;140m🬍[38;2;124;127;146;48;2;120;120;141m𜺫[38;2;122;124;144;48;2;120;120;142m🭗[38;2;115;116;133;48;2;120;119;142m𜺫[38;2;121;121;143;48;2;120;120;142m🭵[38;2;115;117;133;48;2;110;109;124m▍[38;2;112;114;128;48;2;110;109;125m𜴒[38;2;110;108;124;48;2;111;113;127m🬚[38;2;120;121;140;48;2;112;112;127m🬍[38;2;110;108;124;48;2;122;123;144m🬭[38;2;110;107;124;48;2;123;124;143m🬭[38;2;121;122;142;48;2;110;108;124m🬂[38;2;109;107;122;48;2;115;116;134m🭂[38;2;107;104;117;48;2;110;108;124m𜺫[38;2;110;107;122;48;2;104;101;112m𜶿[38;2;107;104;118;48;2;103;100;110m🭉[38;2;104;101;112;48;2;110;107;123m🮂[38;2;127;121;135;48;2;110;106;120m🭈[38;2;130;126;144;48;2;122;115;127m🭊[38;2;133;128;145;48;2;119;114;128m▄[38;2;136;133;152;48;2;123;117;129m▂[38;2;125;124;140;48;2;116;111;125m𜺣[38;2;110;107;123;48;2;118;113;125m𜴀[48;2;119;114;126m [38;2;107;104;118;48;2;116;112;124m🭤[38;2;112;109;123;48;2;105;102;113m𜶮[38;2;119;116;132;48;2;107;104;117m𜴅[38;2;112;110;125;48;2;120;119;140m🬭[38;2;115;111;125;48;2;119;119;141m🬭[38;2;118;118;138;48;2;117;114;129m🬩[38;2;120;118;138;48;2;114;112;126m╸[38;2;111;108;124;48;2;106;103;115m🭍[38;2;108;105;119;48;2;103;100;110m🬾[38;2;109;107;122;48;2;104;101;111m🬦[38;2;110;107;123;48;2;104;101;112m🭂[38;2;110;110;125;48;2;109;107;123m🭤[38;2;120;119;138;48;2;114;113;127m𜴃[38;2;112;111;126;48;2;119;119;139m🬭[48;2;120;120;141m🬭[38;2;119;119;140;48;2;111;110;125m𜴂[38;2;125;123;144;48;2;113;112;127m▔[38;2;137;136;159;48;2;115;115;130m🮂[38;2;132;129;146;48;2;117;115;130m🮂[38;2;120;120;142;48;2;118;114;127m🬂[48;2;119;114;127m🬂[48;2;119;116;130m🬂[38;2;119;120;142;48;2;119;116;131m🬂[38;2;124;119;136;48;2;122;115;127m🬀[38;2;130;118;127;48;2;120;114;126m🬂[38;2;121;119;140;48;2;120;115;127m🭥[38;2;119;114;128;48;2;119;119;140m𜴡[0m[7m[38;2;119;114;126m⠀⠀[0m[38;2;112;111;126;48;2;118;114;126m🭋[38;2;117;113;125;48;2;110;107;123m΄[0m[7m[38;2;110;107;123m⠀⠀⠀⠀⠀⠀[0m[38;2;112;114;128;48;2;110;107;123m▁[0m
[38;2;120;120;142;48;2;124;127;146m▍[0m[7m[38;2;125;128;147m⠀⠀⠀[0m[38;2;123;124;145;48;2;124;127;146m_[38;2;125;129;147;48;2;125;128;147m⠈[38;2;122;122;143m🮂[38;2;122;123;144;48;2;124;127;146m𜺨[38;2;120;120;142;48;2;125;128;147m🬭[38;2;121;121;143;48;2;120;120;142m΄[0m[7m[38;2;120;120;142m⠀[0m[38;2;120;120;142;48;2;120;119;142m˙[38;2;122;123;144;48;2;120;120;142m↑[38;2;124;127;146m𜺫[38;2;120;120;142;48;2;123;126;145m𜵈[38;2;125;128;147;48;2;125;128;146m˙[0m[7m[38;2;125;128;147m⠀[0m[38;2;131;133;154;48;2;139;141;164m▎[38;2;141;142;167;48;2;140;141;165m΄[0m[7m[38;2;140;141;165m⠀[0m[38;2;131;133;153;48;2;140;141;164m🭉[38;2;135;135;156;48;2;125;127;146m🭗[38;2;134;136;158;48;2;125;128;147m▕[38;2;141;142;167;48;2;140;141;165m🭰[38;2;139;140;164;48;2;130;131;149m▌[38;2;140;141;165;48;2;128;129;148m▄[38;2;126;128;148;48;2;139;140;164m𜴂[38;2;126;127;147;48;2;139;141;164m🮂[38;2;125;127;147m🮂[38;2;128;127;146;48;2;139;140;163m🬂[38;2;124;123;143m🬂[38;2;122;124;144;48;2;136;137;159m🭕[38;2;124;127;146;48;2;120;120;142m🬼[38;2;113;114;130;48;2;119;119;140m🭖[38;2;112;113;127;48;2;113;105;113m🭝[38;2;112;106;114;48;2;112;113;127m𜶻[38;2;123;108;113;48;2;111;109;124m▁[38;2;111;108;124;48;2;117;113;127m🬈[38;2;125;119;135;48;2;113;111;126m🭈[38;2;117;112;125;48;2;109;107;122m𜶼[38;2;119;109;118;48;2;108;105;120m▂[38;2;117;102;108;48;2;110;107;123m▁[38;2;112;105;117;48;2;110;106;122m¸[38;2;109;107;122;48;2;105;102;114m🬭[38;2;128;125;143;48;2;116;113;127m🭇[38;2;135;130;144;48;2;125;124;143m🭄[38;2;132;128;146;48;2;137;131;146m΄[38;2;137;131;146;48;2;138;137;157m🭝[38;2;138;136;155;48;2;135;128;142m𜶮[48;2;136;130;145m🬽[38;2;130;125;140;48;2;125;117;129m𜴺[38;2;119;114;126;48;2;119;114;125m˙[38;2;125;116;127;48;2;119;114;126m🭮[38;2;120;114;126;48;2;129;117;127m🭤[38;2;118;113;126;48;2;111;111;126m𜶿[38;2;105;102;114;48;2;110;107;123m╼╾[38;2;110;109;125m˙[38;2;113;110;125m⠁[38;2;110;108;124m⢰[38;2;109;106;121;48;2;103;101;111m🭙[38;2;108;105;119;48;2;103;100;110m🬉[38;2;107;104;117;48;2;112;109;124m🬼[38;2;109;106;121;48;2;103;100;110m𜷂[38;2;113;111;124;48;2;104;101;112m▁[38;2;115;113;129;48;2;105;102;114m▂[38;2;116;115;132m🬭[38;2;116;117;135;48;2;109;107;123m▂[38;2;118;119;139;48;2;110;109;125m🭈[38;2;137;133;151;48;2;120;120;140m▂[38;2;121;121;140;48;2;135;134;153m🭜[38;2;137;133;150;48;2;123;124;143m▄[38;2;118;118;137;48;2;122;123;144m🭘[38;2;136;133;151;48;2;123;124;144m🭉[38;2;139;139;161;48;2;126;126;145m🬭[38;2;136;133;151;48;2;124;125;144m🬼[38;2;123;124;144;48;2;120;119;141m🭬[38;2;120;118;136;48;2;120;120;142m▔[38;2;120;119;139m΄[38;2;120;118;136m▔[38;2;119;115;129;48;2;119;120;141m🮂[38;2;119;117;133;48;2;115;114;127m𜺣[38;2;110;108;124;48;2;112;114;127m🮂[38;2;110;109;125;48;2;110;107;123m▏[0m[7m[38;2;110;107;123m⠀⠀[0m[38;2;110;109;125;48;2;110;107;123m¸[38;2;111;113;127m🬭[38;2;110;108;123;48;2;111;113;127m🬟[38;2;110;108;124;48;2;112;114;128m🬭[0m
[38;2;124;126;146;48;2;120;120;142m🭦[0m[7m[38;2;125;128;147m⠀[0m[38;2;0;0;0;48;2;125;128;147m [0m[7m[38;2;125;128;147m⠀[0m[38;2;123;123;144;48;2;124;127;146m⠁[0m[7m[38;2;125;128;147m⠀[0m[38;2;122;123;144;48;2;125;128;147m▁[38;2;124;127;146;48;2;120;121;142m🭠[48;2;120;119;142m [0m[7m[38;2;120;120;142m⠀[0m[38;2;120;120;142;48;2;120;119;142m˙[38;2;120;119;142;48;2;120;120;142m·[38;2;120;121;142;48;2;124;127;146m𜴸🮂[38;2;139;140;164;48;2;127;129;149m𜶖[38;2;140;141;165;48;2;128;131;151m🭂[38;2;133;135;157;48;2;140;141;165m▔[38;2;142;142;167m΄[38;2;140;141;166m🭉[38;2;122;124;144;48;2;136;138;161m🬦[38;2;130;132;153;48;2;122;123;144m🭗[38;2;132;135;156;48;2;122;124;144m▁[38;2;126;128;148;48;2;139;140;164m🭚[38;2;141;141;166;48;2;140;141;165m⠃[38;2;136;138;160m🭢[38;2;141;142;166m˙[0m[7m[38;2;140;141;165m⠀⠀⠀⠀[0m[38;2;140;141;166;48;2;140;141;165m˛[38;2;137;131;146;48;2;139;139;162m𜶑[38;2;121;119;134;48;2;133;131;148m🭋[38;2;114;116;132;48;2;118;107;115m🮂[38;2;112;111;124;48;2;113;104;111m🭗[38;2;113;87;89;48;2;114;103;109m▁[38;2;105;71;69;48;2;122;102;104m🭈[38;2;122;99;101;48;2;95;61;57m🭜[38;2;119;96;99;48;2;84;49;43m🬂[38;2;121;98;100;48;2;82;48;41m🬂[38;2;83;47;39;48;2;120;95;96m▄[38;2;88;53;47;48;2;119;99;101m▄[38;2;84;53;48;48;2;109;97;104m🬭[38;2;101;68;65;48;2;116;109;120m🬽[38;2;126;108;112;48;2;132;127;142m🬽[38;2;132;120;131;48;2;137;132;148m𜺨[38;2;138;135;154;48;2;137;131;146m╴[38;2;139;139;160;48;2;137;132;148m▄[38;2;138;134;153;48;2;137;130;145m▔[38;2;139;138;159;48;2;137;132;149m🭣[38;2;139;140;163;48;2;137;133;150m🭯[38;2;123;118;131;48;2;136;132;149m🬂[38;2;132;127;144;48;2;120;116;130m🬓[38;2;120;119;138;48;2;122;115;126m▗[38;2;122;115;128;48;2;123;120;137m🬐[38;2;123;126;146;48;2;119;119;140m𜷓[38;2;117;117;134;48;2;124;126;146m▔[38;2;123;124;142;48;2;115;113;129m🬿[38;2;113;112;130;48;2;111;108;123m_[38;2;111;108;124;48;2;110;107;123m🭵[38;2;107;104;117;48;2;103;100;109m▎[38;2;108;105;120;48;2;103;100;110m🭉[38;2;109;106;121;48;2;111;111;126m▍[38;2;120;121;142;48;2;116;112;127m🭂[38;2;118;118;138;48;2;129;129;146m🮂[38;2;120;119;138;48;2;132;129;146m𜺨[38;2;124;126;146;48;2;136;130;146m𜴂[48;2;136;131;146m🮂[38;2;127;128;146;48;2;137;131;146m🬂[38;2;139;140;163;48;2;136;132;149m🭄[38;2;137;134;151;48;2;139;140;163m⎺[38;2;136;131;146;48;2;139;139;161m🮈[38;2;128;129;146;48;2;122;123;144m🬿[38;2;136;137;158;48;2;123;124;144m🬁[38;2;140;140;164;48;2;137;133;149m🭕[38;2;139;137;157;48;2;140;141;165m▔[38;2;121;122;143;48;2;134;131;148m🬉[38;2;133;130;146;48;2;121;121;143m🬭[38;2;125;128;147;48;2;120;120;142m▂[0m[7m[38;2;120;120;142m⠀⠀[0m[38;2;112;114;128;48;2;118;119;139m𜶖[38;2;110;108;124;48;2;111;114;127m🭄[38;2;110;109;125;48;2;110;107;123m΄[0m[7m[38;2;110;107;123m⠀[0m[38;2;112;113;127;48;2;110;107;123m⡀[38;2;111;113;127m🮇[38;2;112;112;127;48;2;112;114;128m΄[38;2;110;107;123;48;2;111;113;127m𜺫[48;2;112;113;127m🮂[0m
[38;2;121;121;143;48;2;120;120;142m⠸[38;2;123;124;145m𜴂[38;2;124;126;146m🭾[0m[7m[38;2;125;128;147m⠀[0m[38;2;120;120;142;48;2;124;127;146m𜺠[38;2;122;123;144;48;2;124;128;146m🬼[38;2;121;122;143m▔[48;2;125;128;146m▔[48;2;124;127;146m▔[38;2;124;126;146;48;2;120;120;142m🬼[38;2;128;131;150;48;2;122;123;144m▁[38;2;133;135;157;48;2;124;127;146m▁[38;2;140;141;165;48;2;123;125;145m▂[38;2;139;140;163;48;2;124;126;146m▂[38;2;135;136;159;48;2;125;128;148m🭢[38;2;122;124;144;48;2;138;139;162m🭑[38;2;139;140;164;48;2;127;130;149m🭕[0m[7m[38;2;140;141;165m⠀[0m[38;2;125;128;147;48;2;139;140;164m🭇[38;2;123;124;144;48;2;132;134;156m🭃[38;2;131;133;154;48;2;125;128;146m🭉[48;2;140;141;165m🭗[0m[7m[38;2;140;141;165m⠀⠀[0m[38;2;131;133;154;48;2;140;141;165m𜴘[0m[7m[38;2;140;141;165m⠀⠀[0m[38;2;140;141;165;48;2;139;141;165m˙[38;2;136;132;148;48;2;139;140;164m🭈[38;2;125;127;145;48;2;138;138;159m🭊[38;2;121;122;140;48;2;137;137;158m🭄[38;2;133;128;143;48;2;122;117;130m▔[38;2;120;117;132;48;2;123;114;124m𜴎[38;2;122;106;111;48;2;115;85;84m🭠[38;2;91;57;54;48;2;115;86;86m🭊[38;2;72;38;28;48;2;102;68;66m🭂[38;2;83;48;40;48;2;58;28;18m🮂[38;2;74;42;34;48;2;57;27;18m▔[38;2;73;37;25m΄[38;2;70;36;25m΄[38;2;73;38;27;48;2;60;29;20m⎻[38;2;72;37;26;48;2;62;30;20m🬩[38;2;75;40;30;48;2;63;31;21m🬍[38;2;91;58;54;48;2;72;39;30m🬁[38;2;88;57;53;48;2;115;91;93m🭏[38;2;138;134;152;48;2;126;110;116m🭖[38;2;137;131;147;48;2;139;138;160m𜴛[38;2;139;137;158;48;2;137;132;148m𜵆[38;2;139;137;157;48;2;137;132;147m𜴹[38;2;139;139;161;48;2;137;132;148m𜴿[38;2;137;132;148;48;2;132;122;133m🭝[38;2;126;117;128;48;2;136;130;144m𜷋[38;2;133;127;141;48;2;120;114;127m🬄[38;2;113;107;117;48;2;119;114;126m▂[38;2;117;111;123;48;2;128;120;134m🬿[38;2;113;108;122;48;2;125;126;144m🬭[38;2;110;107;122;48;2;122;124;143m🬭[38;2;105;102;114;48;2;117;117;134m🬭[38;2;119;116;132;48;2;110;108;123m𜺨[38;2;110;108;124;48;2;110;107;123m¸[38;2;109;106;122;48;2;104;101;111m▄[38;2;104;101;112;48;2;109;106;122m▘[38;2;112;114;129;48;2;110;109;124m🭤[38;2;111;109;125;48;2;120;121;142m▄[38;2;112;112;128;48;2;124;126;145m🬽[38;2;122;121;143;48;2;126;128;146m▂[0m[7m[38;2;137;131;146m⠀⠀[0m[38;2;140;140;163;48;2;137;131;147m🮇[38;2;140;142;166;48;2;140;141;165m▎[0m[7m[38;2;140;141;165m⠀[0m[38;2;137;133;150;48;2;140;141;165m𜴡[38;2;139;139;162;48;2;127;128;147m▂[38;2;137;132;148;48;2;123;125;145m▂[38;2;131;129;146;48;2;123;124;145m🭣[38;2;124;126;145;48;2;137;137;159m🬓[38;2;138;134;151;48;2;140;141;165m▔[38;2;138;134;150m▔[38;2;140;140;164;48;2;135;131;148m𜶿[38;2;138;136;155;48;2;122;122;143m🬾[38;2;113;114;130;48;2;119;119;140m𜶜[38;2;118;118;138;48;2;111;110;125m🬀[38;2;111;111;126;48;2;110;107;123m🭗[38;2;110;109;124m_[0m[7m[38;2;110;107;123m⠀⠀[0m[38;2;111;112;127;48;2;110;107;123m🮈[38;2;115;116;133;48;2;112;114;128m▕[38;2;117;117;136;48;2;112;113;127m𜴍[38;2;112;114;128m˙[0m
[38;2;115;116;133;48;2;118;119;140m🬠[38;2;121;120;143;48;2;120;120;142m΄[38;2;120;119;141m▕[38;2;120;121;142;48;2;124;127;146m▎[38;2;124;128;146;48;2;120;120;142m▌[38;2;124;127;146;48;2;120;121;142m🬉[38;2;123;125;145;48;2;124;128;146m🬼[38;2;120;119;141;48;2;124;127;146m🬞[38;2;120;121;142m▂[38;2;139;140;163;48;2;124;126;146m𜺠[38;2;124;127;146;48;2;137;138;161m𜴍[38;2;141;141;166;48;2;140;141;165m▏[0m[7m[38;2;140;141;165m⠀⠀[0m[38;2;130;133;153;48;2;139;140;164m𜴡[38;2;128;130;150;48;2;121;121;143m🬼[38;2;124;127;146;48;2;120;120;142m🭣[38;2;133;135;156;48;2;122;124;144m🮂[48;2;122;123;144m𜺨[38;2;126;129;149;48;2;121;122;143m🬽[38;2;138;140;163;48;2;126;129;148m🭊[38;2;141;142;166;48;2;140;141;165m⠇[0m[7m[38;2;140;141;165m⠀⠀[0m[38;2;126;129;149;48;2;139;140;164m🬞[38;2;124;128;146;48;2;139;140;163m🬭[38;2;124;124;144;48;2;139;139;161m▄[38;2;139;139;161;48;2;128;127;146m🭘[38;2;123;126;145;48;2;129;128;146m🮇[38;2;122;120;135;48;2;123;125;144m╸[38;2;138;136;156;48;2;125;124;141m🭯[38;2;120;97;100;48;2;127;115;123m𜶖[38;2;85;50;43;48;2;116;89;90m🭊[38;2;64;32;23;48;2;99;65;61m🭄[38;2;82;48;42;48;2;60;30;20m🭗[38;2;69;35;24;48;2;59;29;19m𜴍[38;2;56;27;18;48;2;57;27;18m▏▁[38;2;74;38;27m𜺠[38;2;66;33;22;48;2;56;26;17m🬼[38;2;69;35;24;48;2;59;28;19m𜺣[38;2;60;29;19;48;2;56;26;18m_[38;2;66;33;23;48;2;57;27;18m🭢[38;2;76;41;31m🭊[38;2;107;79;80;48;2;81;51;46m🭋[38;2;122;103;107;48;2;136;128;142m▎[38;2;139;138;159;48;2;137;131;147m▁[38;2;139;140;163;48;2;137;131;146m▂[38;2;137;133;149;48;2;139;139;161m🭍[38;2;138;134;152m𜵕[38;2;136;129;142;48;2;128;119;131m▍[38;2;120;117;136;48;2;120;113;125m▂[38;2;135;128;142;48;2;118;113;126m🭈[38;2;135;129;144;48;2;116;113;126m▄[38;2;131;127;144;48;2;115;108;118m▄[38;2;126;119;132;48;2;111;106;118m▂[38;2;116;114;129;48;2;108;106;120m🬏[38;2;105;103;115;48;2;110;107;123m🭭[38;2;114;111;125;48;2;119;117;135m𜷂[38;2;118;116;132;48;2;114;112;126m↓[0m[7m[38;2;110;107;123m⠀[0m[38;2;110;107;123;48;2;111;110;125m🭝[38;2;117;118;138;48;2;110;108;123m𜺠[38;2;118;118;138;48;2;110;107;123m𜺣[0m[7m[38;2;110;107;123m⠀[0m[38;2;110;108;124;48;2;119;120;140m🭏[38;2;111;111;126;48;2;127;127;145m𜶻[38;2;120;120;139;48;2;136;131;148m🬼[38;2;138;137;159;48;2;134;130;147m🮇[38;2;140;141;165;48;2;140;140;164m˙[0m[7m[38;2;140;141;165m⠀⠀[0m[38;2;140;141;166;48;2;140;141;165m˙[38;2;137;132;148;48;2;140;141;164m🮈[38;2;127;126;144;48;2;120;121;142m▎[38;2;133;130;146;48;2;122;123;144m𜴡[38;2;128;129;148;48;2;139;140;163m🬼[38;2;124;125;146;48;2;140;141;165m▂[38;2;117;118;136;48;2;138;138;161m▂[38;2;135;133;154;48;2;115;115;133m🬆[38;2;119;120;140;48;2;112;112;127m▘[38;2;117;117;137;48;2;110;107;123m▂[38;2;112;112;128m▁[38;2;111;112;126m🬁[38;2;111;111;126m▂[38;2;111;113;127m𜷋[38;2;111;114;127;48;2;110;108;124m🭄[38;2;118;119;139;48;2;113;114;129m𜴀[38;2;111;109;125;48;2;111;113;127m🭢[38;2;111;110;125;48;2;112;114;127m🭗[0m
[38;2;114;116;132;48;2;120;120;141m¯[38;2;121;121;143;48;2;124;126;146m𜴅[38;2;124;127;146;48;2;120;121;142m🬏[38;2;120;121;142;48;2;124;128;146m΄[38;2;120;120;142;48;2;124;127;146m🬁🭘[38;2;123;124;145;48;2;125;128;147m΄[38;2;121;122;143;48;2;125;128;146m𜺫[38;2;137;139;162;48;2;124;126;146m🬭[38;2;130;132;153;48;2;140;141;165m🭗[38;2;141;142;166m΄[0m[7m[38;2;140;141;165m⠀⠀⠀[0m[38;2;134;136;157;48;2;140;141;165m🭢[38;2;126;128;148;48;2;139;140;164m🬂[38;2;134;136;157;48;2;123;126;145m🬼[38;2;123;125;145;48;2;125;128;147m🬟[38;2;124;127;146;48;2;121;122;143m𜴂[38;2;129;131;151;48;2;139;140;164m▎[38;2;141;142;166;48;2;140;141;165m˙[0m[7m[38;2;140;141;165m⠀[0m[38;2;140;141;165;48;2;139;140;164m˙[38;2;125;129;148;48;2;138;139;162m🭊[38;2;128;131;151;48;2;122;124;144m🭗[38;2;136;137;160;48;2;123;125;145m🭈[38;2;140;141;165;48;2;125;128;147m🬭[38;2;139;137;158;48;2;127;128;146m🬼[38;2;132;130;146;48;2;124;124;144m𜶰[38;2;121;120;141;48;2;124;123;143m𜴝[38;2;118;101;106;48;2;134;126;140m🭋[38;2;115;95;97;48;2;79;52;47m🭘[38;2;83;48;41;48;2;59;28;19m🭗[38;2;69;35;24;48;2;57;27;18m🭗[38;2;57;28;19;48;2;56;27;18m⠈[38;2;72;37;26;48;2;58;28;18m𜴘[38;2;75;39;27;48;2;59;28;19m𜷋[38;2;67;34;23;48;2;82;49;43m🭜[38;2;72;37;26;48;2;95;62;59m🬂[38;2;71;39;32;48;2;108;74;72m🬂[38;2;82;47;41;48;2;114;83;82m🬂[38;2;79;45;38;48;2;116;87;87m🬂[38;2;71;39;30;48;2;116;88;88m🬂[38;2;85;51;44;48;2;117;90;90m🬂[38;2;122;104;108;48;2;107;78;78m🭃[38;2;130;118;128;48;2;127;111;117m🬠[38;2;139;137;157;48;2;132;122;133m𜴅[38;2;132;121;133;48;2;138;137;157m▂[38;2;132;121;132;48;2;138;136;156m▂[38;2;138;135;154;48;2;128;119;131m🭘[38;2;133;124;136;48;2;125;116;127m𜺠[38;2;135;129;145;48;2;123;119;135m𜷓[38;2;135;128;143;48;2;138;136;155m🬂[38;2;139;138;159;48;2;137;133;150m⠂[48;2;137;131;146m🬭[38;2;133;124;136;48;2;137;133;149m𜺠[38;2;118;115;129;48;2;130;127;144m🬉[38;2;116;116;133;48;2;108;106;120m🬿[0m[7m[38;2;110;107;123m⠀[0m[38;2;117;113;125;48;2;110;107;123m𜺨[38;2;103;100;111;48;2;109;106;121m𜶖🬿[38;2;111;111;126;48;2;119;119;140m▌[38;2;125;126;145;48;2;117;115;131m🭍[38;2;121;122;143;48;2;112;112;128m▖[38;2;111;113;127;48;2;110;108;124m🭷[38;2;111;110;125;48;2;110;107;123m𜺠[38;2;118;119;138;48;2;111;111;126m𜺫[38;2;120;121;142;48;2;112;113;127m🭣[38;2;135;134;154;48;2;118;119;138m🭣[38;2;138;138;160;48;2;124;124;144m🭕[38;2;141;142;167;48;2;140;141;165m⡀[0m[7m[38;2;140;141;165m⠀[0m[38;2;138;133;151;48;2;139;141;164m𜴡[38;2;123;124;144;48;2;137;137;160m🭕[38;2;124;127;146;48;2;121;122;143m🬔[38;2;129;129;147;48;2;120;120;142m🭘[38;2;120;120;141;48;2;113;114;129m🭠[38;2;117;118;136;48;2;112;114;129m𜴘[38;2;112;113;128;48;2;119;120;141m🬂[38;2;118;118;138;48;2;129;128;146m🬂[38;2;134;130;146;48;2;122;124;144m🬓[38;2;114;115;131;48;2;121;121;143m🬁[38;2;116;118;136;48;2;111;111;125m🬾[38;2;110;108;124;48;2;110;107;123m▔[38;2;110;107;123;48;2;111;113;127m𜵈[38;2;113;115;130;48;2;112;114;128m▁▁▁[38;2;112;114;129m▁[0m
[38;2;124;126;146;48;2;125;128;147m▔[38;2;125;129;147m΄[38;2;124;126;146;48;2;124;128;146m´[38;2;121;121;143;48;2;124;127;146m🭋[38;2;120;120;142m𜵈[38;2;120;121;142;48;2;124;126;145m𜴫[38;2;136;137;160;48;2;126;129;148m🭋[48;2;140;141;165m▔[38;2;137;139;162m΄[0m[7m[38;2;140;141;165m⠀⠀⠀⠀⠀⠀⠀[0m[38;2;138;139;162;48;2;140;141;165m▔[38;2;139;140;163;48;2;126;128;148m🭬[38;2;123;125;145;48;2;120;120;142m▕[38;2;124;126;146;48;2;137;138;161m🬭[38;2;126;129;148;48;2;138;140;163m🭈[38;2;123;125;145;48;2;137;139;162m🭄[38;2;125;128;147;48;2;120;121;142m🭚[38;2;123;126;145;48;2;121;121;143m🮇[38;2;137;139;162;48;2;125;128;147m🬦[38;2;135;137;159;48;2;140;141;165m΄[0m[7m[38;2;140;141;165m⠀[0m[38;2;140;138;160;48;2;140;141;165m⠈[38;2;136;133;150;48;2;140;141;164m🭤[38;2;123;122;140;48;2;129;130;149m🭅[38;2;101;77;78;48;2;121;109;116m🮈[38;2;64;32;23;48;2;84;54;49m🭅[48;2;56;27;18m [38;2;75;39;27;48;2;58;28;18m𜴘[38;2;73;37;26;48;2;59;29;19m𜴧[38;2;71;36;25;48;2;56;27;18m🬞[38;2;84;53;48;48;2;76;41;30m𜶖[38;2;85;52;49;48;2;99;64;60m🭗[38;2;100;66;63;48;2;113;78;76m🮂[38;2;103;71;69;48;2;114;79;76m𜺨[38;2;115;81;79;48;2;117;91;92m🭗[38;2;124;105;108;48;2;119;95;97m𜺫[38;2;120;96;99;48;2;124;106;109m𜶰[38;2;119;94;96;48;2;123;104;106m🭭[38;2;130;118;128;48;2;124;106;109m🭦[38;2;136;129;143;48;2;132;122;134m𜶿[38;2;132;123;134;48;2;129;117;126m╸[38;2;124;110;117;48;2;128;117;127m╸[38;2;125;121;138;48;2;128;115;124m🭋[38;2;135;130;146;48;2;139;137;156m🭠[38;2;139;140;164;48;2;137;133;149m🬿[38;2;139;137;157;48;2;137;131;147m🭤[38;2;139;140;163;48;2;137;131;146m🭜[38;2;137;132;149;48;2;139;138;159m🬩[38;2;133;129;144;48;2;138;134;152m𜶤[38;2;128;123;137;48;2;133;129;144m╸[38;2;129;129;146;48;2;136;130;146m╶[38;2;129;127;145;48;2;121;118;131m🭍[38;2;115;113;127;48;2;119;118;137m🬉[38;2;115;114;133;48;2;110;108;124m⡀[38;2;107;104;117;48;2;103;100;110m▎[38;2;108;105;120m🮇[38;2;121;121;142;48;2;114;113;127m🮈[38;2;126;128;146;48;2;134;130;146m🬼[38;2;121;123;142;48;2;113;112;128m▌[38;2;113;115;130;48;2;111;112;126m🭇[38;2;118;118;138;48;2;111;110;125m🭊[38;2;113;114;129;48;2;123;125;145m🮂[38;2;113;115;130m🮂[38;2;115;115;132;48;2;110;109;125m🭽[38;2;119;119;140;48;2;113;115;130m🬉[38;2;137;134;153;48;2;123;124;143m🭥[38;2;126;127;146;48;2;139;139;162m🬏[38;2;140;142;167;48;2;140;141;165m⡀[38;2;139;137;157m🭢[38;2;136;136;157;48;2;124;125;144m🭀[38;2;112;112;127;48;2;119;119;141m🭈[38;2;118;118;138;48;2;113;115;130m🬣[38;2;129;131;152;48;2;115;117;134m▂[38;2;135;136;158;48;2;122;123;142m▂[38;2;137;137;158;48;2;136;131;147m𜴆[38;2;135;131;146;48;2;136;131;146m˙[38;2;126;128;146;48;2;136;130;146m🬉[38;2;138;136;156;48;2;124;127;146m🬭[38;2;134;134;155;48;2;119;119;139m🬾[38;2;113;114;130;48;2;120;120;142m𜺨[38;2;118;119;138m▔▔▔[38;2;114;115;131;48;2;120;120;141m𜺫[0m
[38;2;123;125;145;48;2;120;120;142m▔🮂[38;2;120;120;142;48;2;125;127;146m𜶿[38;2;123;125;145;48;2;120;120;142m🭛[38;2;120;120;142;48;2;124;128;146m▌[38;2;125;129;147;48;2;125;128;147m⠁[38;2;125;128;147;48;2;138;140;163m▌[0m[7m[38;2;140;141;165m⠀⠀⠀⠀⠀⠀⠀⠀⠀[0m[38;2;128;131;151;48;2;138;139;163m🭋[38;2;121;121;143;48;2;124;128;146m𜶖[48;2;120;120;142m΄[38;2;120;120;142;48;2;124;127;146m🭍[38;2;124;127;146;48;2;121;122;143m𜷓[38;2;137;138;161;48;2;123;125;145m🭊[38;2;138;139;163;48;2;124;126;146m🬭[38;2;136;137;160;48;2;123;125;145m🬽[38;2;137;139;162;48;2;125;128;147m𜴡[48;2;139;140;164m¸[0m[7m[38;2;140;141;165m⠀[0m[38;2;140;140;164;48;2;139;137;156m🭝[38;2;137;135;155;48;2;126;127;146m🭽[38;2;117;115;130;48;2;121;122;143m🭦[38;2;85;62;62;48;2;108;95;100m🮈[38;2;68;43;39;48;2;56;28;20m▏[38;2;68;34;24;48;2;58;28;19mˆ[38;2;55;26;18;48;2;56;26;17m⠈[38;2;63;31;22;48;2;57;27;18m▕[38;2;70;36;25;48;2;76;41;30m▍[38;2;77;42;32;48;2;84;52;48m𜴍[38;2;95;61;58;48;2;100;65;61m▎[38;2;100;66;63;48;2;112;78;76m🭍[38;2;102;69;66m🬭[38;2;101;72;71;48;2;116;88;88m▄[38;2;117;89;90;48;2;105;70;67m🬂[38;2;118;90;91;48;2;105;73;71m🬂[38;2;120;98;100;48;2;116;86;85m🭣[38;2;108;85;86;48;2;122;102;105m🭑[38;2;129;115;123;48;2;136;129;143m🬭[38;2;132;123;135;48;2;129;116;125m🭗[38;2;127;112;117;48;2;127;117;127m🬞[38;2;133;125;139;48;2;129;117;126m🭦[38;2;139;140;162;48;2;136;131;146m𜴂[38;2;139;140;164;48;2;137;132;147m🭭[38;2;139;137;158;48;2;137;131;146m΄[38;2;139;139;161;48;2;138;133;151m▚[38;2;139;140;163;48;2;137;133;150m⎽[38;2;139;133;150;48;2;134;130;146m▔[38;2;130;121;134;48;2;133;129;145mʻ[38;2;134;130;146;48;2;137;131;146m▏[38;2;123;122;143;48;2;135;130;146m🮈[38;2;119;119;141;48;2;117;113;126m▌[38;2;110;107;123;48;2;109;107;122m˙[38;2;108;105;119;48;2;104;101;112m𜴧[38;2;109;105;120;48;2;103;100;111m🮇[38;2;118;119;139;48;2;110;109;124m▝[38;2;123;124;144;48;2;109;107;121m𜴂[38;2;115;117;135;48;2;110;107;123m𜺨[38;2;115;117;134;48;2;110;109;124m🭤[38;2;113;114;129;48;2;121;121;143m🬼[38;2;121;122;143;48;2;124;127;146m𜺨[38;2;120;121;143m🮇[38;2;122;124;144;48;2;113;114;129m▖[38;2;119;119;141;48;2;112;114;128m𜺫[38;2;117;118;136m▔[38;2;131;130;147;48;2;119;119;140m𜺫[38;2;139;139;162;48;2;121;121;143m🮂[38;2;136;137;159;48;2;118;119;138m🬂[38;2;125;125;145;48;2;113;114;130m🬂[38;2;114;116;133;48;2;111;112;127m🭉[38;2;115;116;133;48;2;122;124;144m🭗[38;2;139;139;162;48;2;134;130;146m𜺫[38;2;140;137;157;48;2;137;131;145m▔[38;2;128;128;146;48;2;137;131;146m𜺫[38;2;139;137;158m🭈[38;2;137;132;148;48;2;139;140;164m🬂[38;2;137;132;147m🭗[38;2;130;131;151;48;2;140;140;164m🭢[38;2;123;125;145;48;2;139;140;164m🮂[38;2;138;139;161;48;2;124;125;145m🭑[38;2;120;119;142;48;2;120;121;142m·[0m[7m[38;2;120;120;142m⠀⠀[0m
[7m[38;2;120;120;142m⠀[0m[38;2;120;120;142;48;2;124;126;146m𜵇[38;2;124;126;146;48;2;130;133;153m🭝[38;2;122;124;144;48;2;134;136;158m𜴌[38;2;140;141;165;48;2;125;127;147m🬓[48;2;124;127;146m [38;2;139;140;164;48;2;129;131;152m🭅[0m[7m[38;2;140;141;165m⠀⠀⠀⠀⠀⠀⠀⠀⠀[0m[38;2;128;130;150;48;2;140;141;165m🭢[38;2;124;127;146;48;2;133;136;157m🭔[38;2;131;133;155;48;2;123;125;145m🭉[38;2;123;125;145;48;2;138;139;163m🮂[38;2;130;133;153;48;2;124;126;146m🬾[38;2;138;140;163;48;2;126;128;148m🭥[38;2;140;141;165;48;2;139;140;164m˙[38;2;129;132;152;48;2;140;141;165m🭉[38;2;124;127;146;48;2;130;132;153m🭃[38;2;137;138;161;48;2;126;129;148m🭢[38;2;138;139;162;48;2;126;128;148m🬂[38;2;138;138;159;48;2;126;127;145m🬂[38;2;130;130;148;48;2;138;139;162m🭜[38;2;129;126;142;48;2;139;139;161m🭣[38;2;121;110;118;48;2;93;71;72m▌[38;2;61;33;25;48;2;77;51;49m🭔[38;2;65;33;23;48;2;91;57;52m🭜[38;2;98;66;64;48;2;65;34;25m▄[38;2;89;55;50;48;2;64;32;22m▄[38;2;73;38;27;48;2;80;48;42m𜴍[38;2;99;65;61;48;2;86;54;50m🭅[38;2;107;74;72;48;2;100;66;63m🬽[38;2;112;77;74;48;2;100;66;62m𜷋[38;2;112;78;76;48;2;100;67;64m▄[38;2;101;67;65;48;2;114;79;76m𜴅[38;2;104;73;71;48;2;113;82;81m🬌[38;2;117;88;89;48;2;115;80;78m▂[38;2;117;89;90;48;2;116;83;81m┖[38;2;122;100;103;48;2;111;88;90m🭋[38;2;129;115;123;48;2;126;109;114m𜵱[38;2;127;111;116;48;2;130;117;127m🬓[38;2;134;126;139;48;2;129;116;124m🬽[38;2;126;115;124;48;2;125;108;111m𜷍[38;2;127;115;123;48;2;135;128;142m𜶿[38;2;129;117;126;48;2;136;130;144m𜷋[38;2;129;118;129;48;2;136;130;145m𜶻[38;2;138;136;156m¯[38;2;133;124;137m𜴽[38;2;138;134;152m🭇[38;2;134;126;139;48;2;137;131;147m𜴀[0m[7m[38;2;137;131;146m⠀[0m[38;2;123;122;142;48;2;134;130;146m🮈[38;2;114;112;126;48;2;119;119;138m𜶵[38;2;105;102;114;48;2;110;107;123m🭢[38;2;103;100;111;48;2;109;106;122m𜴂[38;2;104;101;112;48;2;109;106;121m╻[48;2;110;107;123m [38;2;119;118;137;48;2;112;109;123m🭅[38;2;113;111;129;48;2;122;123;144m🭣[38;2;110;108;124;48;2;117;117;136m🭕[38;2;118;118;138;48;2;110;108;124m🭢[38;2;114;115;131;48;2;127;126;145m𜶻[38;2;114;116;131;48;2;126;125;145m𜷓[38;2;118;119;137;48;2;111;110;125m🭗[38;2;115;116;134;48;2;111;111;126m🭋[38;2;114;116;131;48;2;133;129;146m🬂[38;2;114;116;132;48;2;128;127;145m🬂[0m[7m[38;2;120;120;142m⠀[0m[38;2;119;119;140;48;2;113;114;129m𜶬[38;2;111;113;127;48;2;110;108;123m🬂[38;2;113;114;130;48;2;110;109;124m🬁[38;2;122;124;145;48;2;114;116;133m🭖[38;2;139;139;162;48;2;134;130;146m𜶖[38;2;137;132;149;48;2;140;141;165m🬂[38;2;137;131;146;48;2;139;140;163m🮂[38;2;141;143;168;48;2;140;141;165m˙[0m[7m[38;2;140;141;165m⠀⠀⠀⠀[0m[38;2;137;136;157;48;2;140;141;165m𜵸[38;2;131;132;152;48;2;124;127;146m▎[38;2;120;120;142m🮂[38;2;124;127;146;48;2;120;120;142m▄[0m
[38;2;123;125;145;48;2;120;120;142m🭿[38;2;136;138;161;48;2;125;128;147m▂[38;2;138;140;163;48;2;126;129;149m▄[38;2;141;142;166;48;2;140;141;165m⠇[38;2;126;129;148;48;2;139;140;164m𜴡[38;2;135;137;159;48;2;124;127;146m🬼[38;2;126;129;148;48;2;138;139;162m▂[38;2;139;140;164;48;2;127;130;150m🭕[38;2;137;139;162;48;2;140;141;165m▁[0m[7m[38;2;140;141;165m⠀⠀⠀⠀⠀[0m[38;2;140;141;165;48;2;130;132;153m🭝[38;2;127;130;149;48;2;139;140;164m🭇[38;2;139;140;164;48;2;126;129;148m🭜[38;2;132;134;155;48;2;125;128;147m🭗[38;2;138;139;163m🭃[38;2;141;142;166;48;2;140;141;165m΄[38;2;126;128;148;48;2;139;140;163m🬁[38;2;139;140;163;48;2;124;127;146m▂[38;2;127;130;150;48;2;137;139;162m𜷓[38;2;137;139;162;48;2;123;125;145m΄[38;2;131;133;154;48;2;139;140;164m🭽[38;2;141;142;166;48;2;140;141;165m🮂[38;2;133;134;156m🬁[38;2;139;139;161;48;2;127;127;146m𜵡[38;2;133;134;154;48;2;139;140;164m▎[38;2;139;136;156m▕[38;2;121;97;99;48;2;135;127;141m🭦[38;2;117;89;89;48;2;84;50;44m🭀[38;2;82;50;44;48;2;94;59;56m▎[38;2;100;70;69;48;2;99;65;61m´[38;2;94;60;57m🭤[38;2;89;56;53;48;2;97;63;59m🬂[38;2;104;69;65;48;2;99;65;61m🭢[38;2;107;72;69;48;2;100;66;62m▔[38;2;109;76;73;48;2;100;66;63m🬂[38;2;102;70;68;48;2;113;79;76m🬓[38;2;116;83;82;48;2;117;91;92m🬂[38;2;117;90;90;48;2;115;81;78m▎[38;2;106;76;75;48;2;114;80;76m𜴧[38;2;100;71;71;48;2;112;79;77m▗[38;2;113;84;84;48;2;123;102;105m▍[38;2;129;118;127;48;2;132;123;135m🭝[38;2;131;120;130;48;2;136;130;144m🭛[38;2;139;136;156;48;2;137;131;146m𜴘[38;2;131;120;130;48;2;136;130;144m▔[38;2;134;126;139;48;2;125;112;119m🬿[38;2;129;115;122;48;2;121;107;113m🬼[38;2;118;113;124;48;2;113;104;112m🭥[38;2;129;118;129;48;2;115;110;122m🬊[38;2;128;118;128;48;2;137;131;146m▂[38;2;131;121;132;48;2;136;131;146m𜺣[0m[7m[38;2;137;131;146m⠀[0m[38;2;122;124;142;48;2;134;130;146m▁[38;2;113;110;125;48;2;122;122;141m🭅[38;2;115;113;126;48;2;110;108;123m⠑[38;2;112;109;124;48;2;107;104;117m𜷂[38;2;109;106;120;48;2;103;100;111m𜴂[38;2;109;106;122;48;2;105;102;113m𜶖[38;2;114;116;131;48;2;110;108;123m🮇[38;2;120;122;142;48;2;131;129;146m🭽[38;2;126;128;147;48;2;135;130;146m🬂[38;2;133;129;146;48;2;122;124;144m🭏[38;2;111;111;126;48;2;117;117;137m🭖[38;2;116;117;136;48;2;111;110;125m🭈[38;2;121;123;143;48;2;111;111;126m🬭[38;2;118;119;138;48;2;111;110;125m🬽[38;2;114;115;131;48;2;111;111;125m🭢[38;2;129;128;146;48;2;116;117;135m🬉[38;2;124;124;144;48;2;111;111;126m🭚[38;2;117;118;136;48;2;111;110;125m🭾[38;2;129;129;146;48;2;120;120;142m🬭[38;2;122;122;143;48;2;113;114;130m𜶿[38;2;114;116;133;48;2;111;109;125m🮇[38;2;113;115;130;48;2;121;122;143m΄[38;2;134;131;147;48;2;140;140;163m▌[0m[7m[38;2;140;141;165m⠀⠀⠀⠀⠀⠀⠀[0m[38;2;141;142;166;48;2;140;141;165m🭵[38;2;138;139;163;48;2;127;129;149m▂[0m[7m[38;2;125;128;147m⠀[0m[38;2;136;138;161;48;2;125;128;147m▂[0m
[38;2;132;134;156;48;2;124;127;146m🭢[38;2;124;126;146;48;2;138;140;163m▄[38;2;139;140;164;48;2;123;124;145m🬂[38;2;139;141;165;48;2;123;125;145m🬂[38;2;139;140;165;48;2;124;126;146m🬂[38;2;136;137;160m🬂[38;2;120;120;142;48;2;124;127;146m🭺[38;2;123;125;145;48;2;124;126;146m⠐[38;2;135;137;159m🭢[38;2;129;132;152;48;2;139;140;164m🬼[38;2;140;141;164;48;2;139;141;164m¸[0m[7m[38;2;140;141;165m⠀[0m[38;2;0;0;0;48;2;140;141;165m [38;2;126;128;148;48;2;139;140;163m🬞[38;2;139;140;164;48;2;125;128;147m΄[38;2;125;128;148;48;2;124;128;146m¯[38;2;126;129;148m⢀[38;2;122;123;144;48;2;124;127;146m_[38;2;123;125;145;48;2;134;136;158m🭍[38;2;120;121;141;48;2;137;138;161m▄[38;2;123;124;145;48;2;139;140;164m🬭[38;2;124;124;146;48;2;140;141;165m▂[38;2;136;138;160;48;2;124;126;146m𜴍[38;2;124;126;146;48;2;120;121;142m🮇[38;2;132;134;155;48;2;140;141;165m▎[0m[7m[38;2;140;141;165m⠀⠀⠀⠀[0m[38;2;140;141;166;48;2;140;141;165m🮇[38;2;135;128;142;48;2;138;136;156m🮇[38;2;108;81;82;48;2;131;119;129m🭦[38;2;100;69;67;48;2;81;49;44m🬭[38;2;90;57;54;48;2;98;64;60m╸[38;2;96;61;58;48;2;100;66;62m🭮[38;2;94;60;57;48;2;99;64;60m⠔[38;2;90;57;55;48;2;98;64;60m⠐[38;2;98;63;60;48;2;100;66;63m▘[38;2;101;66;63;48;2;100;65;61m¸[38;2;109;77;76;48;2;100;69;67m🮈[38;2;116;81;79;48;2;115;80;77m˙[38;2;116;85;85;48;2;115;81;78m𜴉🬖[38;2;117;90;91;48;2;114;80;78m🬦[38;2;125;107;111;48;2;118;92;93m🮈[38;2;132;123;134;48;2;129;116;125m🭤[38;2;137;131;146;48;2;132;122;134m🭔[0m[7m[38;2;137;131;146m⠀⠀[0m[38;2;135;126;140;48;2;137;130;145m▕[38;2;134;127;141;48;2;127;116;126m𜶿[38;2;126;118;132;48;2;118;107;114m𜶻[38;2;123;117;132;48;2;113;106;116m🬽[38;2;110;105;117;48;2;117;112;124m𜶿[38;2;111;108;121;48;2;122;120;137m▄[38;2;105;103;114;48;2;123;122;140m▄[38;2;117;116;132;48;2;106;103;116m🭘[38;2;104;101;112;48;2;109;106;121m🬁[38;2;121;121;139;48;2;113;111;125m🬦[48;2;116;112;126m🬓[38;2;106;103;116;48;2;103;100;109m▎[38;2;107;104;116;48;2;103;100;110m⠈[38;2;116;115;128;48;2;106;103;115m🮈[38;2;123;126;144;48;2;135;130;146m▎[38;2;138;135;154;48;2;137;131;147m⢀[38;2;128;126;145;48;2;137;131;146m🭋[38;2;115;116;134;48;2;119;120;140m𜴻[38;2;136;133;150;48;2;122;122;143m𜷓[38;2;124;126;145;48;2;136;131;147m▔[38;2;121;122;143;48;2;133;130;146m🭥[38;2;127;126;145;48;2;116;117;135m▂[38;2;114;116;132;48;2;110;110;125m▖[38;2;127;126;145;48;2;111;111;126m🬞[38;2;117;118;135;48;2;137;133;152m🭚[38;2;126;128;146;48;2;135;130;146m▘[38;2;121;123;144;48;2;132;129;146m𜴡[38;2;121;120;140;48;2;113;114;130m🬼[38;2;116;116;134;48;2;121;121;143m🬼[38;2;140;140;163;48;2;130;128;146m𜴡[38;2;130;131;149;48;2;139;140;164m𜺣[0m[7m[38;2;140;141;165m⠀⠀⠀⠀⠀[0m[38;2;130;133;154;48;2;140;141;165m𜺠[38;2;140;141;165;48;2;132;134;156m🭝[38;2;126;129;149;48;2;139;140;163m𜷓[38;2;137;139;161;48;2;124;126;145m▂[38;2;130;132;153;48;2;139;140;164m🭬[0m
[38;2;117;119;135;48;2;123;125;145m𜺨[38;2;136;137;160;48;2;124;127;146m🬞[38;2;136;138;160;48;2;124;126;146m▂[38;2;139;140;164;48;2;128;130;151m𜷓[38;2;125;128;147;48;2;138;139;163m🭕[38;2;135;137;159;48;2;123;125;145m▂[48;2;121;122;143m▂[38;2;136;138;161;48;2;122;124;144m🭊[38;2;139;140;164;48;2;124;126;146m🬭[38;2;122;123;144;48;2;125;128;147m🬟[38;2;139;141;164;48;2;127;130;149m🭥[38;2;130;132;153;48;2;140;141;165m🬼[38;2;124;127;146;48;2;135;137;159m𜵙[38;2;134;136;158;48;2;123;124;145m΄[38;2;135;137;159;48;2;121;122;143m▂[38;2;134;136;158;48;2;122;122;143m🬭[38;2;124;127;146;48;2;120;120;142m🬽[38;2;126;128;148;48;2;120;121;142m🭈[38;2;139;140;163;48;2;120;120;142m🬭[38;2;136;138;161;48;2;121;122;143m🬭[38;2;125;127;146;48;2;119;119;141m🭑[38;2;123;125;145;48;2;118;118;138m🭃[38;2;115;117;133;48;2;121;122;143m𜺨[38;2;126;128;147;48;2;120;120;142m▁[38;2;137;138;161;48;2;122;123;144m▝[38;2;127;129;149;48;2;139;141;164m🬽[48;2;140;141;165m [0m[7m[38;2;140;141;165m⠀[0m[38;2;129;131;151;48;2;139;140;164m𜴃[38;2;136;133;152m╸[38;2;140;140;164;48;2;137;133;149m𜴶[38;2;128;114;121;48;2;134;125;137m🭿[38;2;110;82;82;48;2;124;105;110m🭖[38;2;102;73;72;48;2;97;63;60m🬽[38;2;93;59;56;48;2;99;64;61m𜴇[38;2;94;60;57;48;2;100;66;61m𜺫[38;2;95;60;57;48;2;99;64;61m┏[38;2;100;70;68;48;2;100;66;62m+[38;2;104;73;72;48;2;100;66;63m𜴙[38;2;109;76;74;48;2;100;67;63m🭢[38;2;103;68;64;48;2;112;78;76m🬖[38;2;111;78;76;48;2;114;79;77m¸[38;2;117;88;88;48;2;112;78;76m🭇[38;2;121;98;101;48;2;116;84;82m𜷓[38;2;124;104;107;48;2;128;114;122m🬐[38;2;133;123;135;48;2;129;116;124m𜶞[38;2;131;119;130;48;2;136;130;144m╸[38;2;133;123;135m⢀[38;2;137;132;147;48;2;137;131;146m⡀[38;2;132;121;132m𜺫[38;2;133;124;136;48;2;136;130;145m𜺨[38;2;132;122;134;48;2;136;129;143m𜴻[38;2;134;130;146;48;2;123;120;136m𜶿[38;2;109;106;119;48;2;115;111;126m🬅[38;2;109;106;121;48;2;122;117;129m🭜[38;2;120;114;126;48;2;133;129;144m🭜[38;2;111;107;120;48;2;126;122;137m𜴅[38;2;122;118;132;48;2;107;104;117m🬿[38;2;110;107;122;48;2;103;101;111m𜴸[38;2;111;108;122;48;2;104;102;113m𜵳[38;2;108;104;119;48;2;103;100;111m¸[38;2;102;100;109;48;2;103;100;110m🭵[38;2;107;103;116;48;2;112;113;128m▌[38;2;122;126;144;48;2;131;130;147m▎[0m[7m[38;2;137;131;146m⠀[0m[38;2;132;129;146;48;2;118;119;139m▌[38;2;123;125;144;48;2;113;115;131m🮈[38;2;137;137;158;48;2;136;131;146m𜺨[38;2;139;137;157;48;2;137;131;146m_[38;2;128;128;146;48;2;136;130;146m🬢[38;2;124;123;144;48;2;115;115;133m🭜[38;2;115;116;134;48;2;110;110;125m𜴂[38;2;120;121;142;48;2;111;111;126m𜴅[38;2;112;110;128;48;2;129;128;146m▄[38;2;122;123;144;48;2;111;110;126m🬂[38;2;123;124;144;48;2;111;111;126m🬂[38;2;120;120;141;48;2;112;114;128m🬀[38;2;114;115;131m´[38;2;119;119;140;48;2;112;114;129m🬂[38;2;128;130;150;48;2;118;120;138m🭣[38;2;129;130;148;48;2;139;140;163m🬿[38;2;140;141;165;48;2;140;141;164m˙[0m[7m[38;2;140;141;165m⠀⠀[0m[38;2;140;141;166;48;2;140;141;165mƎ[38;2;138;139;162;48;2;126;129;148m🭗[38;2;128;130;151;48;2;125;128;147m¯[38;2;133;135;156m𜺣[38;2;122;123;144;48;2;139;141;165m🬭[38;2;123;125;145;48;2;139;140;165m🬭[0m
[38;2;123;126;145;48;2;120;120;142m▕[38;2;136;137;160;48;2;125;128;147m𜺫[38;2;134;133;153;48;2;140;141;165m🬓[0m[7m[38;2;140;141;165m⠀[0m[38;2;141;142;166;48;2;140;141;165m⠈▔▔΄ [38;2;139;140;164;48;2;125;128;147m▍[38;2;120;120;142;48;2;123;124;144m🭃[38;2;126;129;148;48;2;121;122;143m🭭[38;2;124;125;146;48;2;136;138;160m▌[38;2;134;136;157;48;2;140;141;165m¯[38;2;142;142;167m⠁[38;2;140;141;166m˙[38;2;134;136;158m▔▔[38;2;139;140;164m΄[38;2;141;142;166m⠈[38;2;138;139;163;48;2;125;128;147m▌[38;2;124;126;146;48;2;120;121;142m▎[38;2;137;136;157;48;2;133;129;146m𜵲[38;2;137;137;157;48;2;136;131;146m🮂[38;2;125;127;146;48;2;118;119;138m𜶿[38;2;132;132;154;48;2;120;121;142m🭢[38;2;127;125;145;48;2;139;139;161m🬭[38;2;137;130;145;48;2;139;140;163m▄[38;2;132;123;136;48;2;139;137;158m𜶖[38;2;131;122;134;48;2;119;102;105m🭠[38;2;129;122;135;48;2;98;76;77m🭜[38;2;101;76;77;48;2;118;98;101m🬽[38;2;103;72;71;48;2;112;88;89m🭃[38;2;103;73;73;48;2;100;67;64m𜴝[38;2;100;70;68;48;2;99;65;62m●[38;2;94;60;57;48;2;100;65;61m🬏[38;2;99;65;61;48;2;94;60;57m🭝[38;2;93;59;56;48;2;98;64;60m𜴩[38;2;100;65;61;48;2;94;60;57m🬊[38;2;99;65;61m🬆[38;2;106;75;74;48;2;100;66;63m🭈[38;2;103;72;71;48;2;114;81;79m𜴧[38;2;116;87;88;48;2;115;81;78m𜴔[38;2;122;102;104;48;2;117;89;89m🭢[38;2;120;96;98;48;2;125;107;110m🬾[38;2;126;110;114;48;2;131;119;130m🬏[38;2;133;124;137;48;2;137;131;146m🬼[48;2;136;129;144m𜴽[38;2;133;123;134;48;2;136;130;145m⢀[38;2;131;121;132;48;2;135;130;145m𜶖[38;2;134;126;138;48;2;127;117;129m🭗[38;2;117;106;113;48;2;129;117;127m🭊[38;2;128;119;130;48;2;114;107;119m🮂[38;2;114;109;121;48;2;118;113;126m𜷂[38;2;115;108;117;48;2;123;118;134m▁[38;2;129;118;129;48;2;136;131;148m🬭[38;2;125;126;146;48;2;136;131;146m_[38;2;132;129;146;48;2;123;124;144m▍[38;2;111;108;122;48;2;120;118;135m🭥[38;2;116;112;127;48;2;106;103;116m🬽[38;2;108;105;120;48;2;103;100;111m𜺨[0m[7m[38;2;103;100;110m⠀[0m[38;2;106;103;116;48;2;114;112;126m▌[38;2;123;125;144;48;2;120;120;142m𜴊[38;2;120;118;135;48;2;128;125;144m🭊[38;2;122;123;143;48;2;114;111;126m🬄[38;2;115;115;131;48;2;131;128;144m▌[38;2;137;133;150;48;2;137;131;146m▕[38;2;137;131;146;48;2;139;139;160m🭄[38;2;119;120;140;48;2;128;128;146m🭊[38;2;115;116;133;48;2;120;120;142m🭢[38;2;123;123;143;48;2;113;114;130m𜶻[38;2;119;120;139;48;2;111;111;126m🬽[38;2;114;114;131;48;2;121;122;143m𜴸[48;2;128;129;149m🬂[38;2;113;112;129;48;2;127;127;146m🬂[38;2;130;130;149;48;2;117;118;137m𜶻[38;2;132;131;149;48;2;116;117;135m▄[38;2;122;123;142;48;2;139;139;161m🭜[38;2;139;139;162;48;2;121;121;142m🭑[38;2;138;137;158;48;2;125;126;146m🬽[38;2;139;138;160;48;2;125;126;145m🬂[38;2;128;130;151;48;2;139;140;164m🬽[38;2;140;140;163;48;2;129;130;149m🭚[38;2;138;135;153;48;2;126;129;148m΄[38;2;136;137;160;48;2;125;128;147m𜷋[38;2;138;139;162m▁▁[38;2;124;126;145;48;2;137;139;162m🬊[38;2;139;140;164;48;2;124;126;146m▄[0m
[38;2;120;120;142;48;2;120;119;142m˙[38;2;128;128;146;48;2;120;120;142m🭢[38;2;126;128;148;48;2;138;140;163m▍[0m[7m[38;2;140;141;165m⠀⠀⠀⠀⠀⠀[0m[38;2;137;138;161;48;2;124;126;146m𜴍[38;2;122;123;144;48;2;120;120;142m⡀[0m[7m[38;2;120;120;142m⠀[0m[38;2;137;139;161;48;2;123;125;145m🮈[38;2;141;142;167;48;2;140;141;165m▏[0m[7m[38;2;140;141;165m⠀⠀⠀⠀⠀[0m[38;2;128;130;150;48;2;139;140;164m🮈[38;2;133;134;157;48;2;120;120;142m΄[38;2;118;118;138;48;2;122;123;144m𜴊[38;2;123;125;144;48;2;137;138;161m𜶻[38;2;120;121;141;48;2;138;135;154m▄[38;2;115;114;130;48;2;131;130;147m▄[38;2;108;105;117;48;2;122;123;143m𜷋[38;2;110;107;118;48;2;121;122;143m▄[38;2;103;83;85;48;2;121;114;125m🭈[38;2;70;55;55;48;2;121;105;111m🭊[38;2;47;36;34;48;2;94;78;80m🭄[38;2;53;40;38;48;2;36;26;24m🮂[38;2;97;74;74;48;2;58;44;43m🭖[38;2;113;85;86;48;2;99;68;66m🬿[38;2;100;67;64;48;2;93;59;57m𜴸[38;2;100;70;69;48;2;98;65;62mā[38;2;92;58;56;48;2;98;64;60m⎺[38;2;91;57;55;48;2;99;64;60m𜴈[38;2;93;59;56;48;2;99;65;61m🬀[38;2;96;63;60;48;2;105;73;70m🬂[38;2;113;78;75;48;2;100;68;66m🭂[38;2;114;80;78;48;2;118;90;91m𜶻[38;2;84;53;49;48;2;121;101;104m▂[38;2;96;65;63;48;2;120;96;98m▂[38;2;111;84;83;48;2;119;95;97m𜴹[38;2;123;106;109;48;2;118;94;96m🭇[38;2;123;106;110;48;2;128;115;123m🭏[38;2;128;117;127;48;2;134;126;139m🭍[38;2;136;128;143;48;2;132;122;134m𜵡[38;2;124;115;127;48;2;132;126;142m▂[38;2;132;124;137;48;2;118;110;120m𜴂[38;2;126;115;125;48;2;114;107;117m🭗[38;2;123;111;119;48;2;111;107;121m𜷋[38;2;124;115;125;48;2;135;129;144m🭠[38;2;127;117;128;48;2;135;130;145m🬊[38;2;123;116;128;48;2;113;105;114m🬿[38;2;117;112;124;48;2;113;106;114m🬊[38;2;130;126;141;48;2;121;115;127m𜴡[38;2;134;127;142;48;2;122;122;143m🬿[38;2;130;119;129;48;2;126;125;144m𜺠[38;2;127;124;141;48;2;119;113;127m𜴍[38;2;110;107;119;48;2;103;100;111m🬼[38;2;107;104;118;48;2;103;100;110m🭤[38;2;109;106;120;48;2;104;101;112m🬉[38;2;119;117;133;48;2;109;107;121m🮂[38;2;106;103;115;48;2;114;112;128m🭂[38;2;111;109;123;48;2;104;101;113m𜶮[38;2;109;105;118;48;2;122;121;138m𜶿[38;2;122;122;140;48;2;134;132;149m𜶻[38;2;119;118;135;48;2;132;132;152m🭃[38;2;116;114;126;48;2;120;120;141m▖[38;2;135;131;147;48;2;125;126;145m𜷓[38;2;140;140;162;48;2;137;134;153m▮[38;2;127;127;147;48;2;116;117;136m▌[38;2;118;119;139;48;2;111;112;127m🭢[38;2;134;131;147;48;2;121;121;142m🭦[38;2;140;141;164;48;2;137;134;153m⎺[38;2;139;135;153;48;2;140;140;164m⠈[38;2;139;136;154;48;2;140;141;165m΄[38;2;140;141;166m΄[0m[7m[38;2;140;141;165m⠀[0m[38;2;141;142;167;48;2;140;141;165m˙[38;2;138;139;161;48;2;126;127;146m𜵈[38;2;125;127;147;48;2;120;121;142m·[38;2;127;126;145;48;2;120;120;142m▔[38;2;128;131;151;48;2;138;139;162m▌[38;2;142;143;167;48;2;140;141;165m΄[38;2;141;142;167m▔[38;2;141;142;166m▔[0m[7m[38;2;140;141;165m⠀⠀[0m
[38;2;113;115;129;48;2;118;119;139m🭯[38;2;120;119;142;48;2;123;126;145m▌[38;2;139;140;164;48;2;127;129;149m𜴡[38;2;140;141;165;48;2;140;141;164m˙[0m[7m[38;2;140;141;165m⠀⠀[0m[38;2;0;0;0;48;2;140;141;165m [0m[7m[38;2;140;141;165m⠀⠀[0m[38;2;137;139;162;48;2;125;128;147m🬓[38;2;120;120;142;48;2;123;126;145m🭔[38;2;130;132;153;48;2;122;124;144m🭉[38;2;124;128;146;48;2;138;139;162m▘[38;2;140;141;166;48;2;140;141;165m▏[0m[7m[38;2;140;141;165m⠀[0m[38;2;140;141;165;48;2;137;139;161m🭝[38;2;138;139;163;48;2;139;140;164m¸[38;2;141;142;166;48;2;140;141;165m˛[38;2;127;130;150;48;2;139;140;164m🭈[38;2;139;140;163;48;2;126;127;147m🬄[38;2;109;108;123;48;2;119;119;140m🬞[38;2;106;104;114;48;2;115;114;132m🬽[38;2;117;117;135;48;2;111;110;125m𜶬[38;2;111;107;121;48;2;101;89;92m🭝[38;2;74;60;61;48;2;107;100;109m🭈[38;2;106;96;104;48;2;61;49;48m🭜[38;2;91;78;81;48;2;43;32;30m𜴂[38;2;65;52;52;48;2;35;26;24m🮂[38;2;50;39;37;48;2;33;24;21m🭗[38;2;40;29;26;48;2;29;20;18m𜺨[38;2;31;22;20;48;2;28;19;17m𜴘[38;2;80;65;66;48;2;41;30;28m🭤[38;2;81;63;63;48;2;112;90;92m🬾[38;2;116;90;91;48;2;98;66;64m𜶿[38;2;99;71;70;48;2;91;58;55m▂[38;2;100;71;70;48;2;99;64;60m𜶤[38;2;100;70;69;48;2;100;66;63m𜴀[38;2;109;76;74;48;2;101;68;65m▝[38;2;111;76;73;48;2;101;67;64m𜴌[38;2;103;72;70;48;2;114;79;76m▎[38;2;123;103;105;48;2;116;85;84m𜶖[38;2;107;77;76;48;2;77;48;43m▌[38;2;88;60;58;48;2;76;49;45m𜶖[38;2;103;82;83;48;2;82;64;64m🬍[38;2;80;62;61;48;2;108;91;95m🬭[38;2;70;58;58;48;2;105;91;94m🭊[38;2;54;42;41;48;2;106;93;97m🬭[38;2;68;58;58;48;2;110;101;109m🬽[38;2;98;85;88;48;2;112;102;109m🭯[38;2;108;98;104;48;2;110;104;113m🬼[38;2;116;107;117;48;2;124;120;133m🭟[38;2;135;129;144;48;2;126;116;127m𜷓[38;2;131;120;131;48;2;137;131;146m🭗[38;2;139;137;157;48;2;137;133;150m🬗[38;2;139;137;158;48;2;134;127;140m🬓[38;2;126;115;125;48;2;116;107;115m▌[38;2;119;113;124;48;2;113;104;111m🬁[38;2;119;113;123;48;2;135;127;141m🭏[38;2;133;124;136;48;2;119;112;122m🭚[38;2;119;113;124;48;2;108;102;110m🭚[38;2;110;106;120;48;2;106;103;114mº[38;2;109;102;110;48;2;103;100;110m🭈[38;2;104;100;110;48;2;111;106;118m🭟[38;2;113;109;124;48;2;125;119;135m🭜[38;2;125;123;143;48;2;115;111;126m🭂[38;2;130;126;144;48;2;121;119;138m🬓[38;2;113;110;124;48;2;126;117;129m🭕[38;2;111;109;124;48;2;118;114;125m🬄[38;2;118;114;126;48;2;110;109;124m🭏[38;2;120;120;139;48;2;114;113;127m🬁[38;2;128;128;146;48;2;114;115;131m🬂[38;2;118;115;130;48;2;132;129;145m𜶻[38;2;127;127;145;48;2;113;114;130m🬄[38;2;111;112;127;48;2;110;108;123m🬂[38;2;113;115;130;48;2;121;122;143m▌[38;2;134;130;146;48;2;125;128;146m🭖[38;2;139;135;153;48;2;139;140;164m▏[38;2;140;142;167;48;2;140;141;165m▁[0m[7m[38;2;140;141;165m⠀⠀⠀[0m[38;2;132;132;151;48;2;139;140;164m🭋[38;2;120;121;142;48;2;123;126;145m🭖[38;2;122;124;144;48;2;120;119;142m🮇[38;2;140;141;165;48;2;128;131;151m🭦[38;2;140;141;166;48;2;140;141;165m▏[0m[7m[38;2;140;141;165m⠀⠀⠀⠀[0m
[38;2;119;119;140;48;2;114;115;131m𜶯[48;2;113;115;129m𜶭[38;2;124;125;145;48;2;120;120;142m🭣[38;2;118;119;138;48;2;133;134;154m▄[38;2;139;140;163;48;2;122;121;141m🬂[38;2;139;140;164;48;2;121;122;144m🬂[48;2;126;128;148m🭣[38;2;128;130;150;48;2;139;140;164m🬭[38;2;137;139;161;48;2;140;141;165m▁[38;2;139;140;164;48;2;126;129;148m▍[38;2;124;126;145;48;2;120;121;142m▎[38;2;131;133;154;48;2;124;127;146m🭢[38;2;129;132;152;48;2;139;140;164m🬓[38;2;127;130;149m🭇[38;2;124;126;146m🬭[38;2;137;138;161;48;2;120;122;141m▘[38;2;115;115;133;48;2;129;130;150m🬭[38;2;135;137;159;48;2;113;112;129m🭜[38;2;126;127;145;48;2;111;110;125m🬂[38;2;97;89;94;48;2;114;112;129m▁[38;2;79;67;68;48;2;106;101;112m▁[38;2;63;52;52;48;2;105;99;106m𜷋[38;2;48;38;36;48;2;95;86;91m🭄[38;2;76;64;64;48;2;34;24;22m🮂[38;2;54;42;42;48;2;29;20;18m▔[38;2;46;34;30;48;2;29;19;17m΄[38;2;32;23;21;48;2;28;19;17m𜺣[38;2;34;24;22;48;2;29;20;18m╺[48;2;28;19;17m╸[38;2;35;26;24m🬁[38;2;35;25;23m🭗[38;2;39;29;27m▕[38;2;61;49;48;48;2;98;81;82m▌[38;2;119;94;96;48;2;121;104;108m🬁[38;2;118;94;97;48;2;102;79;80m𜶿[38;2;106;80;81;48;2;100;71;71m🬼[38;2;100;67;64;48;2;110;78;76m🬂[38;2;105;74;72;48;2;113;79;77m🬟[38;2;104;74;74;48;2;100;68;66m🬂[38;2;106;73;70;48;2;117;87;87m▌[38;2;116;87;87;48;2;124;105;108m΄[38;2;89;70;71;48;2;115;94;97m🭤[38;2;85;70;70;48;2;73;58;57m🭀[38;2;83;64;62;48;2;76;60;59m▝[38;2;91;64;61;48;2;81;68;68m🬀[38;2;69;59;59;48;2;84;72;74m🮇[38;2;39;28;26;48;2;54;43;41m🭖[38;2;49;38;35;48;2;37;27;25m˝[38;2;39;29;27;48;2;72;61;63m🭍[38;2;97;88;93;48;2;47;37;35m𜴅[38;2;117;107;116;48;2;70;58;58m🭕[38;2;126;117;128;48;2;135;127;140m𜺣[38;2;133;123;135;48;2;136;131;146m𜺣[38;2;126;124;143;48;2;137;132;148m𜺠[38;2;139;137;156;48;2;136;130;144m𜴍[38;2;122;113;123;48;2;133;123;135m▝[38;2;127;116;126;48;2;113;105;113m▖[38;2;116;105;110;48;2;106;101;110m🭜[38;2;105;101;110;48;2;115;104;110m🬓[38;2;116;109;118;48;2;113;104;111m●[38;2;105;101;110;48;2;112;103;110m⠁[38;2;107;102;110m𜴽[38;2;111;107;120;48;2;111;103;111m🬞[38;2;120;113;125;48;2;127;124;141m𜶿[38;2;129;119;130;48;2;135;129;145m🬭[38;2;131;120;130;48;2;135;128;142m🬏[38;2;115;111;124;48;2;126;116;127m🭊[38;2;109;106;122;48;2;118;113;125m🬭[38;2;110;109;124;48;2;118;114;126m🬭[38;2;119;118;136;48;2;113;114;127m🬩[38;2;115;115;131;48;2;124;125;145m🭜[38;2;130;128;146;48;2;112;111;127m🭑[38;2;121;122;142;48;2;111;108;124m🬽[38;2;106;103;115;48;2;109;107;122m𜶀[38;2;109;108;122;48;2;114;116;132m▂[38;2;117;117;137;48;2;131;128;145m🭼[38;2;139;137;158;48;2;134;130;146m𜺫[38;2;140;141;164m▔[38;2;135;132;148;48;2;139;140;163m▖[38;2;137;139;161;48;2;140;141;165m▁[0m[7m[38;2;140;141;165m⠀[0m[38;2;133;130;147;48;2;140;140;164m🬁[38;2;136;135;154;48;2;124;125;145m🬓[38;2;126;128;146;48;2;120;121;143m🬞[38;2;140;141;165;48;2;130;132;151m🭋[38;2;140;141;166;48;2;140;141;165m▏[0m[7m[38;2;140;141;165m⠀⠀⠀⠀[0m
[38;2;124;126;145;48;2;114;116;132m🭃[38;2;134;130;146;48;2;125;127;146m🬚[38;2;114;115;131;48;2;120;120;142m╺[38;2;113;115;130;48;2;118;118;138m🬄[38;2;116;117;135;48;2;121;123;143m𜴀[38;2;124;127;146;48;2;120;120;142m🬽[38;2;125;129;147m▁[38;2;120;120;142;48;2;124;126;146m𜶠[48;2;125;128;147m🬭[38;2;114;112;130;48;2;122;124;144m▂[38;2;115;116;133;48;2;119;120;141m🬢[38;2;114;115;131;48;2;121;121;142m🬭[38;2;112;112;127;48;2;121;123;143m▄[38;2;114;115;132;48;2;120;121;142m𜵈[38;2;113;114;130;48;2;119;119;140m𜶖[38;2;117;118;136;48;2;112;112;127m▁[38;2;116;116;135;48;2;111;112;126m𜺣[38;2;110;106;123;48;2;110;108;124m΄[38;2;107;101;112;48;2;71;61;61m🭠[38;2;44;33;31;48;2;81;69;70m🭂[38;2;33;23;21;48;2;52;41;40m🭂[38;2;40;29;27;48;2;29;20;18m🭗[38;2;29;20;18;48;2;28;19;17m˙[38;2;32;23;21m▂[0m[7m[38;2;28;19;17m⠀[0m[38;2;34;25;23;48;2;28;19;17m´[38;2;29;20;17m¯[0m[7m[38;2;28;19;17m⠀[0m[38;2;0;0;0;48;2;28;19;17m [0m[7m[38;2;28;19;17m⠀[0m[38;2;34;24;22;48;2;27;18;16m𜺣[38;2;30;20;18;48;2;26;17;14m⠈[38;2;44;34;32;48;2;81;69;70m▌[38;2;104;89;93;48;2;114;101;107m▎[38;2;123;100;102;48;2;122;106;110m⠈[38;2;105;83;86;48;2;122;103;106m▝[38;2;115;103;108;48;2;101;84;86m🬽[38;2;94;74;74;48;2;108;81;80m🬉[38;2;121;103;106;48;2;101;76;77m🭊[38;2;112;88;90;48;2;127;112;118m🭗[38;2;126;109;113;48;2;102;85;87m🭝[38;2;105;87;89;48;2;71;58;58m🭜[38;2;82;65;65;48;2;73;57;57m🬀[38;2;75;58;58;48;2;78;62;61m🭢[38;2;81;70;71;48;2;78;63;63m𜵺[38;2;68;56;56;48;2;81;70;71m🮇[38;2;52;43;42;48;2;36;26;24m▎[38;2;30;21;19;48;2;35;26;24m𜺫[38;2;33;23;21;48;2;36;26;24m𜺨[38;2;31;22;20;48;2;35;25;23m𜴽[38;2;77;65;65;48;2;42;32;30m🭤[38;2;85;74;77;48;2;118;110;119m🭀[38;2;130;119;129;48;2;134;127;142m▍[38;2;133;123;135;48;2;136;130;145m𜺫[38;2;135;128;143;48;2;137;131;146m΄[38;2;136;130;145;48;2;128;119;130m🭠[38;2;129;118;128;48;2;117;108;116m𜴍[38;2;116;104;110;48;2;112;103;110m▘[38;2;122;114;125;48;2;116;106;113m▗[38;2;123;113;123;48;2;114;105;113m𜺣[38;2;108;102;110;48;2;112;103;110m𜵸[38;2;105;101;110;48;2;113;104;110m𜺠[38;2;115;110;122;48;2;110;103;112m╺[38;2;134;125;137;48;2;122;115;127m𜺠[38;2;127;124;138;48;2;130;118;128m𜺫[38;2;122;114;125;48;2;127;119;133m▗[38;2;118;111;123;48;2;113;108;121m▏[38;2;105;102;113;48;2;109;106;122m𜴌[38;2;125;121;136;48;2;111;107;122m▂[38;2;114;114;129;48;2;110;108;124m🬼[38;2;125;126;145;48;2;115;114;132m🭥[38;2;122;123;144;48;2;132;129;145m˛[38;2;117;117;136;48;2;131;129;146m🬁[38;2;125;124;142;48;2;109;107;122m🭑[38;2;119;120;139;48;2;108;105;119m🬭[38;2;115;116;133;48;2;109;107;122m🬼[38;2;118;118;138;48;2;111;110;125m🮂[38;2;119;118;137;48;2;111;109;124m𜴅[38;2;111;110;125;48;2;122;123;143m🭑[38;2;112;113;128;48;2;126;127;146m🬭[38;2;119;120;140;48;2;136;137;159m▂[38;2;131;127;144;48;2;139;139;162m🬽[38;2;125;124;144;48;2;137;135;154m𜵺[38;2;124;127;146;48;2;121;121;143m𜴡[38;2;139;140;163;48;2;129;130;149m🭖[38;2;140;141;165;48;2;139;140;164m˙[38;2;125;128;147m▁[38;2;125;127;147;48;2;139;140;163m▁[38;2;123;124;145;48;2;139;140;164m🬭🬭[0m
[38;2;116;117;136;48;2;123;125;145m🬼[38;2;117;118;136;48;2;124;127;146m🭇[38;2;117;118;137;48;2;120;120;142m_[38;2;124;126;146m🭅[38;2;135;130;146;48;2;125;128;147m🬞[38;2;134;130;146m🬭[38;2;136;131;146m▁[38;2;130;129;146;48;2;123;125;145m𜺣[38;2;115;116;133;48;2;120;121;142m𜺫[38;2;112;110;127;48;2;118;118;138m🮂[38;2;119;119;140;48;2;113;112;129m𜴺[38;2;120;120;141;48;2;112;113;127m▁[38;2;112;112;128;48;2;120;120;141m🭛[38;2;119;119;141;48;2;124;127;146m🬂[38;2;121;122;143m▚[38;2;122;123;143;48;2;129;129;147m🭟[38;2;119;120;140;48;2;125;128;146m𜵳[38;2;90;80;84;48;2;111;110;124m🭋[38;2;48;37;36;48;2;78;66;68m🭃[38;2;33;24;22;48;2;28;19;17m▎[38;2;32;23;21m🬞𜴐[38;2;33;24;22m𜴎[38;2;30;21;19m¯[0m[7m[38;2;28;19;17m⠀⠀[0m[38;2;31;22;20;48;2;28;19;17m🬞[38;2;32;23;21m━[38;2;32;23;20;48;2;27;18;16m𜺫[38;2;30;21;19;48;2;28;19;17m΄[38;2;32;23;21m_[38;2;24;14;11;48;2;27;18;16m╶[38;2;62;48;47;48;2;29;20;18m🭢[38;2;84;70;72;48;2;41;32;30m𜴅[38;2;67;54;54;48;2;98;86;89m🬽[38;2;64;52;54;48;2;98;84;87m𜴆[38;2;74;61;60;48;2;93;79;81m𜴫[38;2;82;67;67;48;2;108;88;90m▄[38;2;117;93;95;48;2;78;64;63m🬂[38;2;68;54;54;48;2;115;96;98m▄[38;2;58;47;46;48;2;105;91;94m🭄[38;2;47;37;35;48;2;63;50;50m🭃[38;2;52;42;40;48;2;67;57;56m▂[38;2;63;51;51;48;2;72;59;58m𜺣[38;2;82;72;73;48;2;73;60;60m𜴧[38;2;53;42;41;48;2;75;61;61m🭋[38;2;36;26;24;48;2;45;34;34m🭃[38;2;34;24;22;48;2;36;26;24m𜴃[38;2;34;25;23;48;2;29;20;18m𜵇[38;2;35;25;23m𜵲[38;2;42;32;31;48;2;36;26;24m⠈[38;2;56;44;44;48;2;97;86;91m▌[38;2;118;111;121;48;2;133;124;136m🭀[38;2;134;126;139;48;2;131;119;130m𜴋[38;2;133;124;137;48;2;123;112;120m🭘[38;2;127;113;119;48;2;115;104;110m🭗[38;2;103;97;106;48;2;111;103;110m⠐[38;2;107;96;101;48;2;118;106;111m𜴀[38;2;118;110;119;48;2;124;116;126m🬄[38;2;126;117;128;48;2;117;111;122m▘[38;2;112;106;117;48;2;112;104;111m🭬[38;2;111;103;110;48;2;107;102;110m🭍[38;2;111;103;111;48;2;106;101;110m🬌[38;2;133;123;135;48;2;121;114;124m𜴡[38;2;118;113;126;48;2;130;124;138m▁[38;2;121;120;140;48;2;117;111;123m▘[38;2;110;103;112;48;2;113;107;119m🭑[38;2;115;110;124;48;2;110;107;122m🭿[38;2;119;115;129;48;2;120;120;142m▍[38;2;111;109;124;48;2;119;117;135m🭖[38;2;126;125;144;48;2;113;110;128m🭦[38;2;126;128;146;48;2;134;130;146m𜴇[38;2;138;136;155;48;2;137;131;146m▕[38;2;137;132;148;48;2;139;140;164m🮂[38;2;139;140;163;48;2;135;131;147m▁[38;2;115;114;130;48;2;131;127;145m𜴅[38;2;114;116;133;48;2;111;111;126m𜶀[38;2;118;119;139;48;2;111;110;125m🬭[38;2;122;123;144;48;2;112;111;127m𜷋[38;2;123;125;144m𜶻[38;2;118;119;138;48;2;111;112;127m🬽[38;2;122;123;144;48;2;112;114;129m🬂[38;2;123;123;144;48;2;112;112;127m🬂[38;2;113;114;129;48;2;119;119;141m🬽[38;2;131;133;153;48;2;118;119;139m🮂[38;2;132;134;156;48;2;119;119;139m🭘[38;2;130;132;153;48;2;123;126;145m𜺠[38;2;134;135;157;48;2;123;125;145m▂[38;2;124;127;146;48;2;120;121;142m▍[38;2;132;134;156;48;2;121;121;143m_[0m
[38;2;119;119;140;48;2;112;113;127m▝[38;2;117;117;137;48;2;112;114;128m🭗[38;2;116;117;135;48;2;111;113;127m🭢[38;2;115;117;133;48;2;124;127;146m🭀[38;2;138;138;160;48;2;128;129;147m🬠[38;2;139;136;155;48;2;140;141;165m▔[38;2;140;137;155m▔[38;2;134;133;152;48;2;140;140;164m🭢[38;2;127;129;149;48;2;138;139;162m🮈[38;2;122;123;144;48;2;117;118;137m𜵷[38;2;112;111;127;48;2;117;117;137mł[38;2;128;128;146;48;2;121;122;143m🮈[38;2;138;137;157;48;2;134;132;149m●[38;2;126;128;146;48;2;132;130;146m🭟[38;2;123;122;143;48;2;136;130;145m🭕[38;2;121;121;142;48;2;114;115;131m🬂[38;2;115;116;133;48;2;107;103;114m🭝[38;2;45;35;33;48;2;89;79;83m🭋[38;2;48;38;36;48;2;31;22;20m΄[38;2;31;22;20;48;2;27;18;16m🭗[38;2;33;23;21;48;2;27;18;15m▘[0m[7m[38;2;28;19;17m⠀[0m[38;2;28;19;17;48;2;28;18;17m˙[38;2;19;12;8;48;2;26;17;15m▁[38;2;20;12;8;48;2;28;19;17m🬽[38;2;25;17;14m_[38;2;31;22;19m΄[0m[7m[38;2;28;19;17m⠀[0m[38;2;32;23;21;48;2;28;19;17m𜴘[48;2;29;20;18m𜵶🬐[38;2;25;15;12;48;2;27;19;17m𜴘[38;2;31;22;20;48;2;27;18;16m𜴃[38;2;41;30;28;48;2;28;19;17m🭤[38;2;40;30;28;48;2;68;53;53m🭑[38;2;99;79;81;48;2;74;61;61m𜴣[38;2;77;62;62;48;2;95;80;82m𜶮[38;2;55;43;44;48;2;79;64;65m⎺[38;2;52;40;38;48;2;77;64;65m𜴆[38;2;54;43;41;48;2;83;69;70m𜴆[38;2;77;65;66;48;2;53;42;40m𜴶[38;2;45;34;32;48;2;34;24;22m🭗[38;2;47;35;33;48;2;38;28;26m🮇[38;2;85;69;70;48;2;60;47;46m🭅[38;2;91;74;75;48;2;69;55;55m🭏[38;2;56;45;44;48;2;38;28;27m▎[38;2;29;20;18;48;2;35;25;23m🮈[38;2;35;25;23;48;2;28;19;17m𜴅[38;2;33;24;22m▘[38;2;29;20;18;48;2;34;25;23m𜵋[38;2;28;19;17;48;2;33;24;22m𜵹[38;2;78;63;64;48;2;45;34;32m🮈[38;2;118;110;121;48;2;101;91;97m🭖[38;2;111;104;112;48;2;122;113;123m🭂[38;2;108;100;108;48;2;114;104;111m𜴈[38;2;117;105;111;48;2;112;100;106m🭃[0m[7m[38;2;113;104;111m⠀[0m[38;2;123;111;119;48;2;113;104;111m🬁[38;2;112;107;119;48;2;123;113;123m🬭[38;2;122;113;122;48;2;109;104;113m🭘[38;2;106;101;110;48;2;113;103;110m🬏[38;2;104;100;110;48;2;111;103;110m╺[38;2;109;103;111;48;2;105;101;110m𜵑[38;2;122;113;122;48;2;112;107;117m🭖[38;2;120;114;127;48;2;114;108;119m┛[38;2;113;109;123;48;2;109;103;112m🬞[38;2;112;107;120;48;2;110;104;115m🬓[38;2;126;117;128;48;2;118;113;125m𜶖[38;2;129;120;132;48;2;133;127;142m▎[38;2;112;109;126;48;2;127;123;139m🭦[38;2;118;114;131;48;2;108;105;119m🬁[38;2;118;118;137;48;2;130;128;146m▍[38;2;139;139;161;48;2;137;131;147m🭋[38;2;139;137;157;48;2;140;141;165m΄[38;2;128;128;146;48;2;139;140;163m🭊[38;2;134;132;151;48;2;116;117;135m🭘[38;2;112;112;127;48;2;119;119;141m▖[38;2;121;121;143;48;2;124;127;146m▍[38;2;125;129;147;48;2;125;128;147m⠁[0m[7m[38;2;125;128;147m⠀[0m[38;2;120;120;141;48;2;127;128;146m🭤[38;2;126;127;147;48;2;111;110;126m𜶻[38;2;118;119;139;48;2;111;109;125m🬼[38;2;111;110;125;48;2;110;107;123m🮀[38;2;112;113;128;48;2;120;120;141m🭠[38;2;120;121;139;48;2;136;136;156m🭠[38;2;139;140;163;48;2;128;130;149m🭄[38;2;141;142;166;48;2;140;141;165m🭗[38;2;132;135;156m▔[38;2;131;133;153;48;2;139;140;163m⢈[0m
[38;2;112;114;128;48;2;115;116;133m🭝[38;2;120;122;140;48;2;112;114;128m▁[0m[7m[38;2;112;114;128m⠀[0m[38;2;123;125;145;48;2;115;116;133m𜴡[38;2;139;140;164;48;2;126;129;148m▝[38;2;130;132;152;48;2;139;139;162m🭉[38;2;140;140;162;48;2;127;128;146m🬂[38;2;139;140;163;48;2;127;129;147m🭘[38;2;136;138;160;48;2;122;123;144m▔[38;2;119;120;140;48;2;110;111;124m🬂[38;2;117;118;137;48;2;108;106;119m🮂[38;2;123;124;144;48;2;112;112;127m𜴅[38;2;114;116;133;48;2;127;127;146m🬓[38;2;126;128;147;48;2;135;130;146m𜶼[38;2;118;118;139;48;2;131;127;144m🬭[38;2;117;117;138;48;2;113;115;130m🭇[38;2;96;87;92;48;2;112;111;126m🭋[38;2;74;63;63;48;2;39;30;28m▍[38;2;26;17;15;48;2;27;18;16m𜴃[38;2;29;20;18;48;2;25;15;12m▄[38;2;24;15;12;48;2;27;18;16m𜴙[38;2;19;11;7;48;2;26;16;14m𜶖[38;2;17;11;6;48;2;28;19;17m🬭[38;2;17;10;6;48;2;25;17;14m𜷋[38;2;16;10;6;48;2;25;16;13m𜶞[38;2;20;12;8;48;2;27;18;16m𜶁[38;2;16;10;5m▄[38;2;26;17;15;48;2;17;10;6m🭜[38;2;22;15;11;48;2;28;19;17m𜴀[38;2;32;23;21;48;2;29;20;18m🭈[48;2;28;19;17m🭬[38;2;27;18;16;48;2;26;17;14m𜶿[38;2;31;22;20;48;2;27;18;15m𜺨[38;2;26;17;14;48;2;24;15;12m𜵓[38;2;53;42;41;48;2;29;19;17m🭢[38;2;59;48;46;48;2;84;70;70m𜵎[38;2;61;50;50;48;2;91;77;79m━[38;2;57;45;44;48;2;85;71;72m𜴧[38;2;95;82;84;48;2;70;57;57m𜴆[38;2;92;75;76;48;2;62;50;49m━[38;2;47;35;34;48;2;74;58;57m𜷖[38;2;44;32;29;48;2;36;26;24m╍[38;2;59;48;48;48;2;47;35;33m🮇[38;2;81;68;69;48;2;105;88;91m▍[38;2;82;71;74;48;2;110;92;96m🮈[38;2;55;45;46;48;2;35;25;23m▍[38;2;28;19;17;48;2;34;25;23m🭤[38;2;32;23;21;48;2;29;20;18m🮀[38;2;31;22;20m¬[38;2;32;23;21;48;2;28;19;17m𜴩▂[38;2;68;59;58;48;2;35;26;24m🮈[38;2;100;87;90;48;2;113;106;114m▍[38;2;117;112;123;48;2;113;106;115m𜶖[38;2;116;108;118;48;2;122;113;123m𜴛[38;2;118;112;123;48;2;112;105;115m🭜[38;2;105;101;110;48;2;112;104;111m𜷋[38;2;102;95;102;48;2;110;102;109m𜴉[38;2;105;101;110;48;2;114;104;110m▂[38;2;115;109;119;48;2;111;104;113m●[38;2;111;106;119;48;2;110;103;110m▄[38;2;108;102;110;48;2;112;103;111m▕[38;2;109;102;110;48;2;104;100;110m𜵁[38;2;118;113;124;48;2;114;105;112m▝[38;2;110;107;121;48;2;112;105;115m┏[38;2;121;113;124;48;2;113;108;118m🭊[38;2;109;103;112;48;2;115;109;120m𜷖[38;2;117;111;122;48;2;110;104;114m▔[38;2;115;109;121;48;2;130;124;138m🭍[38;2;123;117;130;48;2;122;121;141m𜶿[38;2;116;113;126;48;2;109;106;121m▍[38;2;115;111;124;48;2;125;126;144m▌[38;2;140;141;164;48;2;136;132;149m🭦[38;2;139;138;160;48;2;130;130;147m𜷂[38;2;125;126;147;48;2;120;120;142m🭽[38;2;112;114;128;48;2;118;118;138m🭃[38;2;112;114;129;48;2;124;125;144m▌[38;2;126;127;146;48;2;136;130;146m🭗[38;2;136;131;146;48;2;126;128;146m🭬[0m[7m[38;2;125;128;147m⠀[0m[38;2;126;128;147;48;2;135;130;146m𜵈[38;2;140;138;159;48;2;134;130;146m🬀[38;2;115;116;133;48;2;124;126;146m🬁[38;2;119;120;141;48;2;112;113;127m▖[38;2;113;114;130;48;2;119;119;140m▌[38;2;126;128;148;48;2;138;139;163m𜴺[0m[7m[38;2;140;141;165m⠀⠀⠀[0m[38;2;141;142;166;48;2;140;141;165m⠈[0m
[38;2;114;116;131;48;2;125;127;146m▌[38;2;134;130;146;48;2;126;128;147m╺[38;2;112;114;129;48;2;124;127;146m🭣[38;2;113;114;129;48;2;121;124;142m🭔[38;2;113;115;130;48;2;124;125;145m🬿[38;2;136;132;149;48;2;125;125;145m🬂[38;2;128;128;146;48;2;120;121;142m𜴂[38;2;128;126;145;48;2;118;119;139m𜺨[38;2;117;117;137;48;2;113;114;129m🭘[38;2;113;114;129;48;2;120;120;142m🬂[38;2;120;120;141;48;2;112;111;127m𜶿[38;2;111;112;127;48;2;107;104;118m𜵇[38;2;119;121;138;48;2;107;106;118m🬉[38;2;110;108;124;48;2;123;123;144m▂[38;2;111;109;125;48;2;117;117;137m𜶳[38;2;102;96;106;48;2;110;111;125m🮇[38;2;93;82;86;48;2;60;49;48m🭚[38;2;53;41;40;48;2;32;23;21m🭗[38;2;32;23;21;48;2;29;20;18m▕[38;2;31;22;20;48;2;26;17;15m🭀[38;2;24;14;11;48;2;26;17;14m𜴀[38;2;15;9;4m𜺣[38;2;17;10;6;48;2;26;17;15m🬂[38;2;25;16;13;48;2;18;11;7m𜵥[38;2;17;11;6;48;2;15;9;4m🮢[38;2;23;15;12;48;2;16;9;5m=[38;2;21;14;10;48;2;15;9;4m𜴉[38;2;18;12;7m⠐[38;2;26;18;15m🬂[38;2;18;11;7;48;2;28;19;17m▄[38;2;29;20;18m⡄[38;2;28;19;17;48;2;27;18;16m˙[38;2;25;15;12m΄[38;2;27;18;16;48;2;25;15;13m𜵷[38;2;27;19;17;48;2;25;15;12m╺[38;2;57;46;45;48;2;39;29;27m𜴡[38;2;94;82;84;48;2;68;56;56m𜴧[38;2;48;36;34;48;2;79;65;65m𜴆[38;2;87;70;71;48;2;60;47;45m𜶮[38;2;46;36;35;48;2;81;68;70m𜴧[38;2;68;57;57;48;2;44;33;31m𜴺[38;2;41;29;26;48;2;36;26;24m⠂[38;2;62;53;52;48;2;46;34;32m𜴡[38;2;83;70;72;48;2;108;95;100m▍[38;2;79;67;68;48;2;104;96;103m🭋[38;2;54;42;40;48;2;37;27;24m▎[38;2;34;24;22;48;2;30;21;19m🬔[38;2;34;25;23;48;2;28;20;18m𜴅[38;2;34;24;22;48;2;28;19;17m🬀[38;2;26;17;15m🭬[38;2;31;22;20m𜺣[38;2;61;50;51;48;2;30;21;19m🮈[38;2;93;81;84;48;2;117;107;114m▍[38;2;114;105;112;48;2;119;112;123m🭄[38;2;119;107;113;48;2;111;103;111m🭾[38;2;113;105;114;48;2;122;114;125m🬂[38;2;112;105;116;48;2;118;113;125m🮂[38;2;113;105;114;48;2;116;112;125m🬂[38;2;109;103;111;48;2;111;108;123m🭕[38;2;118;110;120;48;2;111;103;110m🭜[38;2;115;107;116m🭗[38;2;111;103;111;48;2;105;101;110m🬗[38;2;112;103;110;48;2;105;100;110m🬆[38;2;111;103;110;48;2;103;100;110m🮂[38;2;113;103;110;48;2;105;101;110m🭭[38;2;115;109;119;48;2;109;103;111m🭘[38;2;118;112;124;48;2;106;102;112m🬭[38;2;118;113;126;48;2;108;104;115m🬭[38;2;116;111;123;48;2;107;102;113m𜴷[38;2;117;113;125;48;2;106;103;114m🬊[38;2;105;103;114;48;2;111;109;123m▄[38;2;122;122;141;48;2;116;113;128m𜴡[38;2;113;115;130;48;2;133;130;147m▄[38;2;132;130;147;48;2;114;116;132m🬂[38;2;126;127;146;48;2;119;119;140m𜺠[38;2;113;115;129;48;2;125;126;145m🬂[38;2;118;118;138;48;2;124;125;145m🭕[38;2;116;117;135;48;2;131;128;145m▄[38;2;119;120;141;48;2;125;128;147m▖[38;2;135;136;159;48;2;127;128;147m🬂[38;2;132;134;156;48;2;132;130;146m🭗[38;2;124;126;145;48;2;114;114;131m🭠[38;2;121;122;143;48;2;111;111;126m🭘[38;2;120;120;141;48;2;112;113;128m΄[38;2;115;114;134;48;2;110;108;124m⠈[38;2;134;134;155;48;2;117;117;134m🭥[38;2;128;131;151;48;2;139;140;164m🭏[38;2;140;141;165;48;2;141;141;166m🭔[0m[7m[38;2;140;141;165m⠀[0m[38;2;127;130;150;48;2;139;140;164m🬦[0m
[38;2;112;114;128;48;2;123;125;145m▍[38;2;125;128;147;48;2;124;127;146m˙[38;2;122;123;144;48;2;125;128;147m▁[38;2;123;125;145;48;2;113;114;129m🭍[38;2;114;115;131;48;2;119;119;141m𜵳[38;2;118;118;138;48;2;112;114;128m🬂[38;2;115;116;134;48;2;120;120;141m▖[38;2;124;127;146;48;2;121;121;143m𜷓[38;2;129;129;146;48;2;123;125;145m▗[38;2;137;131;146;48;2;127;128;146m𜴧[38;2;133;130;146;48;2;124;126;145m𜴉[38;2;121;123;141;48;2;111;110;125m🭍[38;2;114;116;132;48;2;109;108;122m𜵋[38;2;107;104;117;48;2;111;111;125m𜴡[38;2;107;103;115;48;2;110;107;123m𜶠[38;2;81;71;73;48;2;106;103;114m🭋[38;2;33;23;21;48;2;60;48;47m🭅[38;2;28;20;18;48;2;27;18;16m𜵱[38;2;32;23;21m🬚[38;2;25;15;12m🬀[38;2;22;14;11;48;2;16;10;5m🬞[38;2;25;15;13;48;2;16;10;6m🬭[38;2;23;15;12;48;2;20;12;8m🬈[38;2;17;10;5;48;2;25;15;12m🭈[38;2;19;12;8;48;2;16;9;5m▏[38;2;24;15;12;48;2;15;9;4m🭛[38;2;15;9;4;48;2;23;14;11m🭟[38;2;27;18;16;48;2;15;9;4m🭑[38;2;25;17;14;48;2;17;10;6m🬭[38;2;25;15;13m𜴡[38;2;24;14;11;48;2;27;18;16m🬓[0m[7m[38;2;28;19;17m⠀[0m[38;2;26;17;14;48;2;28;19;17m𜺠[38;2;24;14;11;48;2;26;17;15m𜴘[38;2;24;14;12m━[38;2;44;32;29;48;2;27;18;16m🭤[38;2;42;32;30;48;2;70;56;55m🭑[38;2;78;64;65;48;2;55;43;42m𜴣[38;2;91;79;81;48;2;60;48;48m━[48;2;68;57;58m𜴧[38;2;73;61;61;48;2;47;35;33m𜴊[38;2;25;16;13;48;2;36;26;24m▂[38;2;30;21;19;48;2;38;28;25m𜷋[38;2;70;58;57;48;2;51;41;40m🭥[38;2;82;69;70;48;2;47;36;35m🭘[38;2;40;31;29;48;2;33;24;22m΄[38;2;30;21;19;48;2;34;24;22m🬿[48;2;34;25;23m🭔[38;2;32;23;21;48;2;29;20;18m╸[38;2;30;21;19;48;2;26;16;14m▘[38;2;29;20;18;48;2;26;17;15m🬁[38;2;54;43;42;48;2;29;20;18m🮈[38;2;84;75;77;48;2;113;105;112m▍[38;2;123;107;110;48;2;117;106;112m🭮[38;2;120;113;123;48;2;119;107;112m🭯[38;2;130;118;128;48;2;125;112;119m🭔[38;2;123;112;120;48;2;122;115;126m🬀[38;2;119;114;126;48;2;124;111;119m🭕[38;2;116;111;124;48;2;120;114;126m𜵲[38;2;114;104;111;48;2;118;113;124m🭔[38;2;112;104;111;48;2;117;105;110m🭔[38;2;112;105;113;48;2;107;101;110m🬄[38;2;111;103;110;48;2;103;100;110m🬞[38;2;109;102;110;48;2;103;100;109m𜴷[38;2;119;111;121;48;2;108;102;110m🭈[38;2;108;103;111;48;2;120;114;125m🬂[38;2;121;114;125;48;2;132;121;132m🭠[38;2;124;117;128;48;2;135;129;144m🬁[38;2;132;128;143;48;2;120;115;128m🭑[38;2;105;102;113;48;2;117;113;126m🭥[38;2;110;109;124;48;2;107;104;118m🭄[38;2;111;113;127;48;2;110;109;124m🮈[38;2;111;111;126;48;2;112;114;128m🬀[38;2;125;125;144;48;2;115;117;134m🮈[38;2;134;131;147;48;2;138;138;161m🬂[38;2;137;132;149;48;2;139;140;163m¯[38;2;129;129;147;48;2;139;140;162m🭥[38;2;116;117;135;48;2;127;127;145m🬊[38;2;121;122;143;48;2;114;116;132m𜴷[38;2;122;124;144;48;2;112;114;129m🬂[38;2;129;128;146;48;2;115;116;133m🬂[38;2;118;119;139;48;2;112;113;128m🬟[38;2;112;113;128;48;2;120;121;142m🭚[38;2;117;118;137;48;2;128;128;146m🬂[38;2;126;127;146;48;2;113;114;129m🭑[38;2;113;115;131;48;2;121;122;143m▘[38;2;131;134;154;48;2;120;121;142m𜺫[38;2;139;140;163;48;2;120;120;142m🬂[38;2;138;139;163;48;2;122;123;144m🬂[38;2;136;138;160;48;2;121;122;143m΄[0m
[38;2;111;110;126;48;2;121;123;142m▍[38;2;125;128;147;48;2;117;118;136m▄[38;2;115;116;134;48;2;124;127;145m🬂[38;2;115;116;133;48;2;123;126;145m🬁[38;2;120;121;141;48;2;112;114;129m▌[0m[7m[38;2;112;114;128m⠀[0m[38;2;116;117;136;48;2;120;120;142m▎[38;2;126;126;145;48;2;119;120;140m𜷍[38;2;130;129;146;48;2;118;118;138m🬭[38;2;126;126;145;48;2;116;117;135m▄[38;2;121;122;143;48;2;110;110;124m▄[38;2;124;127;146;48;2;114;115;131m🬭[38;2;119;120;139;48;2;110;111;125m🬾[38;2;111;111;126;48;2;105;102;113m🬂[38;2;108;104;118;48;2;110;108;124m🬏[38;2;52;41;40;48;2;94;84;89m🭋[38;2;40;29;27;48;2;28;19;17m🭙[38;2;31;22;20;48;2;27;18;16m𜺠[38;2;25;15;12;48;2;28;19;17m🭑[38;2;20;13;9;48;2;26;17;14m_[38;2;23;14;11;48;2;16;10;5m𜶿[38;2;25;16;14;48;2;19;11;7m𜵉[38;2;23;14;11;48;2;18;10;6m🭊[38;2;23;14;10;48;2;17;10;6m𜵵[38;2;22;13;9;48;2;15;9;4m🬭[38;2;24;15;12;48;2;16;10;5m𜷋[38;2;17;10;5;48;2;24;15;12m🬂[38;2;25;16;13;48;2;18;11;7m🬁[38;2;17;10;5;48;2;24;14;11m🬿[38;2;20;13;9;48;2;15;9;4m🮇[38;2;18;11;7;48;2;26;16;14m▁[38;2;27;19;17;48;2;24;14;11m🭜[38;2;27;18;16m🭣[38;2;20;13;9;48;2;26;18;15m╸[38;2;29;20;18;48;2;28;19;17m⡀[38;2;26;16;14;48;2;27;18;16m𜺨[38;2;64;54;55;48;2;34;24;23m🭢[38;2;78;66;67;48;2;61;50;49m🬂[38;2;50;39;37;48;2;74;63;64m▄[38;2;49;38;37;48;2;75;62;62m𜶮[38;2;34;24;22;48;2;59;49;48m𜷖[38;2;26;17;14;48;2;34;24;22m𜶮[38;2;35;26;23;48;2;31;22;20m🬅[38;2;44;33;31;48;2;57;47;46m▍[38;2;55;45;44;48;2;33;24;22m▌[38;2;31;22;20;48;2;29;20;18m■[48;2;28;19;17m╹[38;2;25;15;12;48;2;27;17;15m🬭[38;2;24;14;11;48;2;27;18;16m🬭[38;2;27;18;16;48;2;24;15;12m🭑[48;2;28;19;17m´[38;2;54;43;42;48;2;29;20;17m🮈[38;2;84;75;77;48;2;115;104;110m▍[38;2;129;117;127;48;2;118;107;113m🮈[38;2;128;117;127;48;2;120;114;126m🭏[38;2;119;113;126;48;2;127;117;127m𜷋[38;2;123;109;115;48;2;120;114;125m🬦[38;2;116;110;120;48;2;123;115;126m𜴘[38;2;114;107;115;48;2;122;115;126m━[38;2;114;105;113;48;2;118;113;124m🭦[38;2;123;106;109;48;2;114;104;110m▖[38;2;120;106;110;48;2;108;102;110m▘[38;2;108;102;110;48;2;103;100;110m🮇[38;2;115;110;121;48;2;110;103;111m🭇[38;2;128;115;124;48;2;120;107;112m▝[38;2;129;115;123;48;2;129;117;128m▏[38;2;124;116;127;48;2;135;127;140m🭏[38;2;127;117;127;48;2;136;130;145m🬭[38;2;132;121;132m🬼[38;2;125;127;146;48;2;136;130;146m🬂[38;2;125;126;144;48;2;116;115;132m🬓[38;2;116;113;126;48;2;111;110;125m🬩[38;2;132;128;147;48;2;116;117;133m𜶖[38;2;126;125;143;48;2;138;134;152m𜶬[38;2;119;121;137;48;2;138;138;159m▁[38;2;120;119;133;48;2;140;140;162m▂[38;2;120;121;142;48;2;139;140;163m▁[38;2;121;122;143;48;2;139;139;163m▁[38;2;135;133;152;48;2;123;123;143m🭬[0m[7m[38;2;112;114;128m⠀[0m[38;2;115;117;133;48;2;112;114;128m▕[38;2;130;131;150;48;2;123;125;145m𜴘[38;2;140;140;163;48;2;129;129;148m𜴯[38;2;119;119;135;48;2;136;132;149m▂[38;2;116;118;134;48;2;125;128;147m▂[38;2;115;116;133;48;2;126;128;146m𜺣[38;2;121;122;143;48;2;124;127;146m𜵲[38;2;122;124;144;48;2;120;120;142m▏[38;2;124;126;146;48;2;121;121;143m𜶑[38;2;125;128;147;48;2;138;139;162m𜷂[0m
[38;2;113;114;128;48;2;124;127;145m▍[0m[7m[38;2;125;128;147m⠀⠀⠀[0m[38;2;113;115;130;48;2;123;125;145m𜴡[38;2;118;118;138;48;2;112;114;128m🭤[38;2;119;121;140;48;2;123;124;145m🬏[38;2;126;128;147;48;2;136;131;146m▍[38;2;127;128;146;48;2;136;130;146m🮈[38;2;136;131;146;48;2;126;128;147m▄[38;2;125;127;146;48;2;135;130;145m🭘[38;2;121;121;143;48;2;125;128;147m🬭[38;2;119;121;140;48;2;110;110;125m▍[38;2;104;101;111;48;2;109;106;121m𜷍[38;2;89;75;76;48;2;104;99;109m🭋[38;2;38;27;25;48;2;70;59;58m🭃[0m[7m[38;2;28;19;17m⠀[0m[38;2;28;19;17;48;2;26;16;14m𜴅[38;2;24;15;12;48;2;27;18;15m𜴧[48;2;27;18;16m🮈[38;2;20;12;8;48;2;26;17;14m𜴂[38;2;19;12;8;48;2;23;15;12m▮[38;2;23;14;11;48;2;15;9;4m▌[38;2;17;10;6;48;2;25;16;13m▍[38;2;22;13;10;48;2;16;10;5m🭙[38;2;18;11;6;48;2;25;16;13m🬄[38;2;17;10;6;48;2;24;15;12m𜶖[38;2;18;11;7;48;2;25;17;14m🭖[38;2;27;18;16;48;2;20;12;8m𜴀[38;2;16;10;5;48;2;23;13;10m𜴎[38;2;17;10;6;48;2;23;14;11m🬈[38;2;16;10;5;48;2;21;13;9m▄[38;2;25;15;13;48;2;24;14;11m¸[38;2;19;11;8;48;2;15;9;4m▎[38;2;25;16;14;48;2;18;12;8m🭢[38;2;23;15;12;48;2;27;18;16m🮢[38;2;37;27;24;48;2;27;18;15m▕[38;2;33;23;20;48;2;52;41;40m𜺣[38;2;65;53;53;48;2;51;40;38m𜶮[38;2;70;56;56;48;2;53;42;41m🬂[38;2;54;43;42;48;2;34;24;21m𜴺[38;2;35;25;23;48;2;26;17;15m🭘[38;2;31;22;20;48;2;24;15;12m🮈[38;2;37;28;26;48;2;57;47;47m▍[38;2;54;43;41;48;2;38;28;26m▍[0m[7m[38;2;28;19;17m⠀[0m[38;2;25;16;13;48;2;27;18;16mʻ[48;2;27;19;17m▝[38;2;27;18;16;48;2;24;14;11m🭂[38;2;19;12;7;48;2;27;18;16m𜺠[38;2;21;12;8m𜺣[38;2;47;35;33;48;2;27;18;15m🭤[38;2;103;85;87;48;2;62;50;49m🭖[38;2;120;101;104;48;2;127;111;117m🬼[38;2;119;110;119;48;2;124;115;126m🬽[38;2;122;110;116;48;2;120;114;125m╻[38;2;121;111;119;48;2;125;116;126m▁[38;2;124;108;112;48;2;125;116;127m🭊[38;2;124;107;110;48;2;127;116;126m▄[38;2;124;116;128;48;2;119;108;114m🬄[38;2;113;104;111;48;2;121;106;110m🮈[38;2;105;101;110;48;2;112;103;110m🭤[38;2;111;103;110;48;2;105;101;110m𜴈[38;2;114;106;114;48;2;111;103;111m🭤[38;2;112;105;114;48;2;124;113;122m𜶼[38;2;126;118;130;48;2;117;111;122m🭕[38;2;129;128;144;48;2;125;119;131m𜴡[38;2;131;122;134;48;2;136;130;145m🬼[38;2;139;139;161;48;2;137;131;147m𜺫[38;2;124;118;131;48;2;138;134;153m🬭[38;2;118;114;127;48;2;134;127;140m𜷍[38;2;119;115;129;48;2;110;108;124m🬄[38;2;126;126;145;48;2;114;115;131m𜶖[38;2;126;126;144;48;2;138;136;155m🬂[38;2;122;124;143;48;2;139;140;163m🮂[38;2;121;123;142;48;2;139;140;164m🮂[38;2;124;126;146m🮂[38;2;124;127;146m🮂[38;2;139;139;161;48;2;129;129;147m🬚[38;2;114;115;131;48;2;121;123;143m🭥[48;2;119;119;139m𜴛[38;2;117;119;136;48;2;135;130;146m🬂[38;2;121;122;143m🬂[38;2;112;114;129;48;2;133;129;145m🮂[38;2;114;115;131;48;2;128;127;145m🬂[38;2;118;121;138;48;2;128;130;151m🬂[38;2;139;141;164;48;2;129;131;151m🬓[38;2;121;121;143;48;2;124;127;146m𜺫𜶮[38;2;135;137;159;48;2;124;126;146m🬩[0m
[38;2;113;114;128;48;2;124;127;145m▍[0m[7m[38;2;125;128;147m⠀⠀⠀[0m[38;2;116;117;134;48;2;119;120;141m▕[38;2;118;119;139;48;2;112;114;128m🮇[38;2;117;119;136;48;2;122;124;145m🬀[38;2;137;131;146;48;2;126;128;146m▝[38;2;121;122;143;48;2;136;130;146m▄[38;2;125;123;143;48;2;137;131;145m𜶻[38;2;134;129;145;48;2;121;121;142m𜴍[38;2;120;121;142;48;2;117;118;137m🭝[38;2;117;118;137;48;2;111;113;127m🭛[38;2;106;103;115;48;2;110;108;124m🭘[38;2;77;64;64;48;2;105;97;106m🮈[38;2;51;41;39;48;2;30;21;19m▎[38;2;23;14;11;48;2;27;18;16m𜷓[38;2;22;14;10m🭼[38;2;26;17;14;48;2;28;19;17m🭤[38;2;18;11;7;48;2;25;15;13m▝[38;2;24;16;13;48;2;16;10;5m🬭[38;2;19;11;7;48;2;25;16;13m🬞[38;2;23;14;11;48;2;16;10;5m▘[38;2;25;15;12;48;2;18;11;7m▂[38;2;20;12;8;48;2;24;15;12m⢏[38;2;22;15;11m⠐[38;2;22;13;10;48;2;16;10;5m𜺨[38;2;25;16;14;48;2;18;10;6m𜴍[38;2;20;12;8;48;2;16;9;4m𜵔[38;2;22;13;9;48;2;24;14;11m▏[38;2;19;12;7m𜴃[38;2;22;14;10;48;2;17;10;6m𜴹[38;2;20;12;9;48;2;24;15;12m𜶿[38;2;24;15;12;48;2;17;11;6m𜵵[38;2;17;10;6;48;2;24;14;12m🭭[38;2;46;36;34;48;2;27;17;15m🭈[38;2;27;17;14;48;2;61;48;48m🭜[38;2;40;30;29;48;2;77;55;54m🬂[38;2;95;64;61;48;2;64;54;53m🬭[38;2;90;60;58;48;2;70;55;55m▄[38;2;54;43;42;48;2;91;63;61m🬂[38;2;35;26;24;48;2;86;67;67m🬂[38;2;61;49;49;48;2;34;24;21m🭑[38;2;61;50;49;48;2;44;33;32m🮈[38;2;57;45;44;48;2;36;25;23m▍[38;2;24;14;11;48;2;27;18;16m▂[38;2;25;15;12;48;2;27;18;17m🬽[0m[7m[38;2;27;18;16m⠀[0m[38;2;18;11;7;48;2;25;16;13m𜶜[38;2;19;11;7m𜶽[38;2;17;10;6;48;2;24;14;11m🭗[38;2;24;14;11;48;2;28;19;17m🬿[38;2;76;60;59;48;2;42;31;30m🭦[38;2;94;77;79;48;2;114;97;101m▍[38;2;119;98;101;48;2;118;106;112m🭈[38;2;123;108;113;48;2;121;111;119m🭃[38;2;120;111;121;48;2;123;107;111m𜴶[38;2;122;110;117;48;2;125;107;110m𜴀[38;2;120;106;110m▕[38;2;121;106;110;48;2;112;104;111m🬼[38;2;122;106;110;48;2;114;104;110m𜺨[38;2;109;102;110;48;2;113;104;110m╶[38;2;112;103;110;48;2;104;100;110m𜷋[38;2;111;103;110m🭃[38;2;111;105;117;48;2;103;100;110m▂[38;2;111;107;120;48;2;105;102;112m𜶽[38;2;117;111;122;48;2;125;120;133m▌[38;2;132;125;138;48;2;135;129;145m𜶁[38;2;128;118;129;48;2;136;130;145m🭄[38;2;125;116;127;48;2;113;109;124m🭛[38;2;118;113;125;48;2;111;108;123m🭊[38;2;115;111;125;48;2;117;117;136m𜷂[38;2;131;125;140;48;2;118;116;132m🮈[38;2;139;140;163;48;2;138;133;149m🮈[38;2;138;135;152;48;2;139;140;164m⠁[38;2;140;141;165m˙[0m[7m[38;2;140;141;165m⠀⠀[0m[38;2;134;132;149;48;2;139;140;164m▝[38;2;126;129;148;48;2;120;121;142m▎[38;2;126;128;146;48;2;120;120;142m🮈[38;2;134;131;147;48;2;137;131;146m▏[38;2;139;139;161m🭇[48;2;137;132;148m𜶻[38;2;137;135;154;48;2;128;129;148m▏[38;2;139;140;163;48;2;127;129;148m𜶖[38;2;135;137;159;48;2;140;141;165m⠈[38;2;132;135;156;48;2;122;123;143m▎[38;2;123;125;145;48;2;120;120;142m🭤[38;2;139;139;163;48;2;125;128;147m🮈[0m
[38;2;113;114;128;48;2;127;127;145m▍[38;2;136;130;146;48;2;125;128;147m▄[38;2;127;128;147m▏[38;2;121;121;143;48;2;125;128;146m🮈[38;2;112;114;129;48;2;118;118;139m𜶖[38;2;112;113;128;48;2;117;117;137m🬓[38;2;120;120;142;48;2;124;127;146m▌[0m[7m[38;2;125;128;147m⠀[0m[38;2;120;121;142;48;2;124;127;146m🬁[38;2;117;119;136;48;2;125;128;147m🬂[38;2;121;122;143m▔[38;2;118;120;138;48;2;124;127;146m🭢[38;2;112;114;128;48;2;118;118;138m🭔[38;2;110;110;125;48;2;110;107;123m▎[38;2;83;67;68;48;2;105;99;110m🭦[38;2;60;47;46;48;2;32;23;21m▍[38;2;23;13;10;48;2;16;9;4m▍[38;2;24;15;13;48;2;15;9;4m𜴘[38;2;24;15;12;48;2;27;18;16m𜷓[38;2;24;16;13;48;2;21;13;9m🭉[38;2;19;12;8;48;2;25;17;14m┍[38;2;18;10;6;48;2;26;16;14m𜴡[38;2;25;16;14;48;2;21;13;9m▮[38;2;15;9;4;48;2;22;13;9m🭂[38;2;22;13;10;48;2;15;9;4m🭾[38;2;18;11;7;48;2;25;15;13m🬼[38;2;15;9;4;48;2;23;14;11m🮈[38;2;17;10;6;48;2;24;14;11m𜶰[38;2;18;11;6;48;2;23;14;11m▔[38;2;20;12;8m🬐[38;2;17;10;6;48;2;24;14;11m▂[38;2;16;10;5;48;2;21;12;8m🭖[38;2;19;12;8;48;2;16;10;5m🭿[38;2;29;19;17;48;2;23;14;11m🮇[38;2;33;23;21;48;2;52;41;40m🭚[38;2;52;41;41;48;2;67;53;52m🭘[38;2;70;55;54;48;2;80;54;52m𜴍[38;2;93;58;56;48;2;98;63;60m🭬[38;2;91;57;55;48;2;98;64;60m━[38;2;89;55;54m╺[38;2;93;59;56;48;2;99;65;61m𜴃[38;2;60;45;43;48;2;84;59;57m🬦[38;2;56;43;43;48;2;33;23;21m𜴂[38;2;39;29;26;48;2;58;47;46m▖[38;2;56;44;42;48;2;33;23;21m▍[38;2;15;9;4;48;2;23;13;10m▗▖[38;2;25;16;13;48;2;24;14;11m🭤[38;2;25;15;12;48;2;18;10;6m𜴍[0m[7m[38;2;15;9;4m⠀[0m[38;2;22;13;10;48;2;16;9;5m𜴙[38;2;17;10;6;48;2;23;13;10m𜶰[38;2;61;49;47;48;2;30;20;17m🮈[38;2;93;74;74;48;2;122;100;102m▎[38;2;117;97;100;48;2;122;105;109m𜺠[38;2;116;105;110;48;2;123;106;110m╺[38;2;125;107;110;48;2;122;106;110m🭔[38;2;115;105;111;48;2;124;106;110m🭮[38;2;124;107;110;48;2;116;105;110m🭅[38;2;119;111;120;48;2;117;105;111m_[38;2;119;105;110;48;2;125;107;110m▎[38;2;119;113;125;48;2;117;105;111m𜷋[38;2;113;104;111;48;2;116;109;118m🭔[38;2;111;108;122;48;2;111;103;111m▗[38;2;112;106;116;48;2;118;111;121m🭚[38;2;113;104;111;48;2;117;111;122m𜶖[38;2;121;113;124;48;2;111;103;111m▔[38;2;120;114;128;48;2;107;103;115m🮂[38;2;109;104;115;48;2;115;111;124m𜴧[38;2;130;120;131;48;2;116;111;125m🭈[38;2;120;115;127;48;2;132;127;142m🭕[38;2;114;111;125;48;2;118;113;126m𜴝[38;2;127;124;139;48;2;116;113;129m🮇[38;2;139;138;160;48;2;136;131;147m▝[38;2;139;139;161;48;2;139;140;164m⠈[38;2;138;133;150m΄[0m[7m[38;2;140;141;165m⠀⠀[0m[38;2;134;136;158;48;2;140;141;165m▕[38;2;127;129;149;48;2;120;120;142m▎[38;2;124;127;146m🮈[38;2;136;130;145;48;2;127;128;146m🭥[38;2;140;140;162;48;2;137;132;148m🭅[38;2;137;135;154;48;2;129;129;146m🭽[38;2;124;128;147;48;2;125;128;147m⠁[38;2;126;129;148;48;2;139;140;164m▌[38;2;136;138;160m▕[38;2;131;133;154;48;2;122;123;143m▎[38;2;120;119;142;48;2;120;120;142m🭵[38;2;135;130;146;48;2;123;126;145m𜴡[0m
[38;2;112;112;127;48;2;128;126;144m▍[38;2;122;123;144;48;2;136;130;146m🬭[38;2;132;130;146;48;2;123;125;145m🭜[38;2;128;129;146;48;2;121;122;143m🭙[38;2;112;113;129;48;2;120;120;142m𜷖[38;2;115;116;133;48;2;111;112;126m🭢[38;2;121;123;143;48;2;112;114;129m🬂[38;2;120;121;140;48;2;123;126;145m🭼[38;2;119;119;140;48;2;124;127;146m▂[38;2;115;117;134;48;2;122;124;144m🬚[38;2;116;117;136;48;2;123;126;145m𜶻[38;2;115;116;133;48;2;123;125;144m🭊[38;2;112;114;128;48;2;110;110;125m🮇[38;2;106;103;115;48;2;110;108;123m𜺠[38;2;68;57;57;48;2;101;96;105m🭋[38;2;31;22;20;48;2;56;44;42m🭃[38;2;15;9;4;48;2;24;14;12m🬁[38;2;24;15;12;48;2;16;10;5m🬦[38;2;18;12;7;48;2;24;15;12m𜴙[38;2;17;10;5;48;2;23;14;11m𜴎[38;2;24;15;12;48;2;17;10;6m▌[38;2;24;16;13;48;2;19;12;8m┚[38;2;16;9;5;48;2;23;14;11m🬄[38;2;23;13;10;48;2;16;9;5m▍[38;2;15;9;4;48;2;18;11;6m🭟[38;2;24;14;11;48;2;17;10;5m🭂[38;2;23;13;10;48;2;16;10;5m🭠[38;2;25;16;13;48;2;19;12;8m┍[38;2;15;9;4;48;2;22;13;10m🭊[38;2;21;12;9;48;2;15;9;4m🭗[38;2;16;10;5;48;2;14;9;4m▕[38;2;22;13;9;48;2;18;11;7m▌[38;2;18;12;8;48;2;28;19;17m🮈[38;2;34;24;22;48;2;16;10;5m🮈[38;2;66;49;48;48;2;51;40;39m🮈[38;2;75;52;49;48;2;80;50;45m🭗[38;2;69;53;51;48;2;84;52;48m▂[38;2;100;65;61;48;2;95;60;57m🬦[38;2;100;66;62;48;2;99;65;61m˙[38;2;100;65;61;48;2;93;60;58m🭝[38;2;99;65;62;48;2;90;57;53m🭟[38;2;77;50;46;48;2;46;34;32m▍[38;2;19;12;8;48;2;32;23;21m▝[38;2;34;25;22;48;2;51;40;39m🬄[38;2;43;33;32;48;2;29;20;18m▍[38;2;19;12;8;48;2;15;8;4m▏[38;2;23;13;10;48;2;15;9;4m🬁[38;2;16;9;5;48;2;24;14;11m▄[38;2;20;12;8;48;2;15;9;4m🬟[38;2;18;11;7m🬼[0m[7m[38;2;15;9;4m⠀⠀[0m[38;2;44;35;32;48;2;18;11;6m𜺫[38;2;83;63;62;48;2;29;19;16m🬂[38;2;34;24;22;48;2;106;88;89m▄[38;2;47;35;33;48;2;110;93;96m🬭[38;2;74;59;58;48;2;115;101;106m🬽[38;2;121;105;110;48;2;104;82;84m🭜[38;2;118;104;110;48;2;103;83;85m𜴅[38;2;110;87;90;48;2;117;108;117m🬿[38;2;118;103;107;48;2;122;110;116m🭼[38;2;118;110;120;48;2;119;114;126m▁[38;2;120;107;114;48;2;113;106;116m🭜[38;2;116;110;120;48;2;113;104;112m🭋[38;2;117;110;120;48;2;119;114;126m𜺣[38;2;114;105;112;48;2;119;113;124m🬁[38;2;117;111;121;48;2;113;104;111m▖[38;2;114;110;123;48;2;109;103;111m🬉[38;2;131;120;131;48;2;120;113;126m🭋[38;2;132;122;133;48;2;136;130;144m𜴍[38;2;136;130;144;48;2;130;120;131m▍[38;2;121;114;126;48;2;114;107;118m𜴶[38;2;119;118;137;48;2;115;112;125m🮇[38;2;138;134;152;48;2;131;128;145m▗[38;2;139;140;163;48;2;137;131;147m▔[38;2;137;131;147;48;2;139;139;162m𜶿[38;2;140;141;165;48;2;139;140;164m˙[38;2;140;139;162;48;2;140;141;165m▁[38;2;134;134;156;48;2;140;141;164m🮇[38;2;123;123;145;48;2;115;116;133m🭽[38;2;112;114;128;48;2;119;119;140m🬓[38;2;120;121;143;48;2;125;128;146m𜵈[38;2;139;139;162;48;2;128;129;147m⠈[38;2;139;134;152;48;2;125;128;146m΄[0m[7m[38;2;125;128;147m⠀[0m[38;2;138;139;162;48;2;127;130;149m🭮[38;2;130;132;152;48;2;139;140;164m🮇[38;2;122;123;144;48;2;127;130;150m🭔[38;2;120;119;142;48;2;120;120;142m🭵[38;2;121;122;143;48;2;124;127;146m🭀[0m
[38;2;111;110;126;48;2;123;125;144m▍[38;2;120;120;142;48;2;124;127;146m▔▔[38;2;124;126;146;48;2;120;121;142m▍[38;2;119;119;141;48;2;112;112;128m🭬[38;2;111;113;127;48;2;114;116;132m🭟[38;2;113;115;130;48;2;119;119;140m🭗[38;2;112;114;128;48;2;118;118;139m🬀[38;2;119;120;141;48;2;113;115;130m🬭[38;2;110;107;123;48;2;112;113;128m🬁[38;2;116;117;135;48;2;111;111;126m🭇[38;2;119;120;141m🬭[38;2;118;119;139;48;2;112;112;127m🬏[38;2;107;100;110;48;2;108;105;120m▕[38;2;90;80;84;48;2;47;37;36m▌[38;2;21;12;9;48;2;28;19;16m🬩[38;2;17;10;6;48;2;25;16;13m𜵡[38;2;22;13;10;48;2;27;18;16m🭼[38;2;18;10;6;48;2;25;16;13m🭄[38;2;25;16;13;48;2;16;10;5m🭖[38;2;26;18;15;48;2;19;11;7m🬅[38;2;25;16;14;48;2;20;12;9m🭔[38;2;26;17;14;48;2;24;14;11m΄[38;2;16;10;5;48;2;23;13;11m𜺫[38;2;26;17;15;48;2;17;10;6m𜴡[38;2;18;11;7;48;2;24;14;11m🭉[38;2;21;13;9;48;2;16;9;5m¸[38;2;16;9;5;48;2;15;9;4m¯[0m[7m[38;2;15;9;4m⠀⠀⠀[0m[38;2;21;13;9;48;2;17;10;6m🭾[38;2;24;15;13;48;2;16;9;4m𜴍[38;2;35;26;24;48;2;23;14;11m🮈[38;2;48;37;35;48;2;63;50;49m🭽[38;2;74;53;52;48;2;61;47;46m🬭[38;2;64;53;52;48;2;77;53;51m🮀[38;2;80;59;58;48;2;92;62;59m𜵥[38;2;97;62;59;48;2;79;62;61m🬂[38;2;70;57;56;48;2;80;62;61m𜺠[38;2;73;58;57;48;2;46;35;33m🭠[38;2;45;34;32;48;2;26;17;15m🭛[38;2;35;26;24;48;2;23;14;11m🮈[38;2;47;36;33;48;2;51;40;38m🭼[38;2;21;13;9;48;2;40;29;27m🭅[38;2;21;12;9;48;2;15;9;4m🮂[48;2;16;10;5m╻[38;2;20;12;8;48;2;15;9;4m╺[38;2;15;9;4;48;2;22;13;10m🭍[38;2;22;13;10;48;2;16;9;4m𜴇[38;2;21;12;9;48;2;15;9;4m🭇[38;2;25;16;13m🬏[38;2;14;9;3m⠈[38;2;24;14;11;48;2;16;9;4m˝[38;2;20;12;8;48;2;15;9;4m🭢[38;2;27;18;15;48;2;22;13;10m🬠[38;2;54;40;39;48;2;39;29;27m🮈[38;2;63;45;43;48;2;80;53;50m🭬[38;2;100;68;67;48;2;89;56;53m🭣[38;2;100;69;68;48;2;88;55;53m🬂[38;2;100;79;81;48;2;90;57;55m🬂[38;2;110;88;91;48;2;92;60;58m🮂[38;2;107;94;99;48;2;99;67;65m🬂[38;2;116;110;120;48;2;111;80;79m🬂[38;2;113;84;83;48;2;118;108;117m🬭[38;2;109;94;98;48;2;118;112;124m🬭[38;2;111;105;117;48;2;110;103;111m🬀[38;2;114;106;114;48;2;109;102;110m🬁[38;2;109;104;113;48;2;120;114;126m🬿[38;2;123;116;128;48;2;136;129;144m🭑[38;2;130;120;132;48;2;134;128;143m🭦[38;2;123;114;124;48;2;112;108;122m▎[38;2;115;111;124;48;2;120;118;136m🭍[38;2;129;127;145;48;2;120;118;137m𜴅[38;2;120;118;135;48;2;135;130;146m▄[38;2;118;118;136m▄[38;2;117;118;136m▄[38;2;118;118;136;48;2;133;130;146m▄[38;2;119;119;138;48;2;134;131;149m🭑[38;2;118;119;139;48;2;111;112;127m▍[38;2;111;114;127;48;2;110;108;124m▘[38;2;112;113;128;48;2;121;122;142m🬓[38;2;119;120;139;48;2;127;127;145m𜶜[38;2;115;115;133;48;2;123;125;144m🬭[38;2;116;117;135;48;2;124;127;146m▄[38;2;116;117;136;48;2;125;127;147m▖[38;2;138;139;163m🬂[38;2;126;128;148;48;2;116;117;135m▘[38;2;119;119;141;48;2;112;114;129m🭔[38;2;124;127;146;48;2;120;121;142m🬉[0m
[38;2;120;122;141;48;2;110;109;124m🭖[48;2;125;128;147m [38;2;125;129;147m🮇[38;2;116;117;135;48;2;121;122;143m𜺫[38;2;115;114;132;48;2;111;111;126m▏[38;2;117;118;138;48;2;111;113;127m🮈[38;2;123;125;146;48;2;119;119;141m🭉[38;2;117;117;137;48;2;123;124;145m𜴈[38;2;115;116;132;48;2;122;124;144m𜴣[38;2;125;127;147;48;2;115;116;134m🬭[38;2;114;116;132;48;2;119;120;140m𜴨[38;2;115;116;133;48;2;120;120;142m🬢[38;2;108;108;119;48;2;114;116;132m🬦[38;2;108;104;118;48;2;110;108;123m𜶀[38;2;81;69;70;48;2;110;106;118m🭤[38;2;34;24;22;48;2;78;65;65m🭕[38;2;24;15;12;48;2;16;10;5m𜷍[38;2;23;13;10;48;2;26;17;15m🭔[38;2;15;9;4;48;2;21;12;9m𜶑[38;2;25;16;13;48;2;18;11;7m■[48;2;16;9;5m🬿[38;2;17;11;6;48;2;22;14;11m▍[0m[7m[38;2;24;14;11m⠀[0m[38;2;19;11;7;48;2;24;14;11m▁[48;2;15;9;4m▎[38;2;17;10;5;48;2;23;13;10m🬽[38;2;23;14;11;48;2;18;11;6m🭺[38;2;22;13;9;48;2;15;9;4m▄[38;2;20;12;8m🭈[38;2;21;13;9;48;2;16;9;5m⎽[38;2;14;9;4;48;2;15;9;4m⡀[0m[7m[38;2;15;9;4m⠀⠀[0m[38;2;26;16;14;48;2;16;9;4m🭢[38;2;22;14;10;48;2;53;41;40m🭍[38;2;23;15;11;48;2;55;43;43m▄[38;2;54;44;43;48;2;22;14;10m🬂[38;2;60;48;47;48;2;27;17;14m🬂[38;2;64;49;48;48;2;23;14;10m🬂[38;2;52;42;41;48;2;20;12;8m🬂[38;2;40;30;28;48;2;25;16;13m🭗[38;2;16;10;5;48;2;24;14;12m🮂[38;2;29;19;16;48;2;23;14;11m🮇[38;2;37;26;24;48;2;48;36;35m▎[38;2;19;12;8;48;2;32;22;19m🬠[38;2;23;14;11;48;2;16;9;4m🬢[38;2;23;13;10;48;2;19;11;7m🭂[38;2;25;15;12;48;2;16;9;5m▄[38;2;20;12;9m🬼[38;2;21;13;9;48;2;16;10;5m𜴆[38;2;23;13;10;48;2;15;9;4m▁[38;2;26;17;15;48;2;19;11;7m𜶖[38;2;17;11;6;48;2;14;8;3m▏[0m[7m[38;2;15;9;4m⠀⠀[0m[38;2;23;14;11;48;2;16;9;5m🮇[38;2;32;22;20;48;2;49;36;33m▌[38;2;58;44;43;48;2;78;48;43m🭀[38;2;88;55;52;48;2;82;51;46m╸[38;2;80;49;45;48;2;89;56;54m𜺨[38;2;91;57;55;48;2;90;56;55m΄[38;2;98;63;59;48;2;90;57;55m🬞[38;2;106;74;72;48;2;98;63;60m🬞[38;2;96;63;60;48;2;116;88;89m🭑[38;2;101;71;71;48;2;117;97;101m🬽[38;2;111;90;93;48;2;112;101;107m▔[38;2;116;110;120;48;2;113;104;111m🭯[38;2;110;103;112;48;2;126;115;125m🭜[38;2;131;121;132;48;2;118;113;124m▂[38;2;113;106;116;48;2;114;110;125m🬦[38;2;113;108;119;48;2;125;117;130m🬭[38;2;116;112;126;48;2;107;103;114m🭚[38;2;124;118;131;48;2;110;107;120m🭦[38;2;128;122;137;48;2;134;128;143m𜵱[38;2;124;117;131;48;2;131;128;145m𜷋[38;2;119;117;135;48;2;127;127;145m🬽[38;2;132;130;146;48;2;123;124;144m╸[38;2;118;119;140;48;2;129;128;146m▂[38;2;135;130;146;48;2;118;118;137m🬄[38;2;111;110;125;48;2;117;117;136m𜷖[38;2;111;111;126;48;2;110;108;123m┙[38;2;128;127;146;48;2;113;115;129m🬉[38;2;119;119;139;48;2;125;127;146m🬭[38;2;124;126;146;48;2;120;120;142m🮂[38;2;125;128;147;48;2;120;121;142m🬂[38;2;134;130;146;48;2;123;124;144m▝[38;2;137;133;151;48;2;126;128;146m🬂[38;2;119;119;140;48;2;125;127;146m🮈[38;2;114;115;131;48;2;120;120;141m▖[38;2;123;125;145;48;2;120;120;142m▝[0m
[38;2;107;105;118;48;2;119;120;140m▌[38;2;119;119;141;48;2;124;128;147m▂[38;2;122;123;144;48;2;125;128;147m▁[38;2;113;114;130;48;2;121;121;142m🭈[38;2;114;114;131;48;2;111;111;126m▏[38;2;116;117;135;48;2;111;110;126m▕[38;2;117;118;137;48;2;122;124;144m🭀[38;2;123;124;145;48;2;124;127;146m🭿[38;2;120;121;142;48;2;123;126;145m▘[38;2;122;123;144;48;2;124;127;146m▁[38;2;120;120;142;48;2;123;125;145m🭅[38;2;116;115;135;48;2;120;120;142m🭢[38;2;110;108;124;48;2;117;116;137m🭔[38;2;109;107;122;48;2;105;102;114m🬣[38;2;110;108;124;48;2;112;113;127m▍[38;2;109;106;119;48;2;78;65;66m🭏[38;2;87;80;86;48;2;38;28;26m🬿[38;2;49;38;37;48;2;23;14;10m🬽[38;2;37;27;25;48;2;15;9;4m▁[38;2;23;14;11;48;2;17;11;6m🭈[38;2;19;11;7;48;2;23;14;11m🭉[38;2;17;10;6;48;2;22;13;10m🬾[38;2;15;9;4;48;2;23;13;10m▗[38;2;20;11;8;48;2;15;9;4m΄[0m[7m[38;2;15;9;4m⠀[0m[38;2;14;9;4;48;2;15;9;4m⠈[0m[7m[38;2;15;9;4m⠀[0m[38;2;15;9;4;48;2;20;12;8m🭛[38;2;24;14;11;48;2;15;9;4m▘[38;2;18;11;7m🮣[38;2;19;12;8;48;2;39;28;26m🭚[38;2;22;14;11;48;2;38;27;25m𜵳[38;2;29;19;17;48;2;21;12;9m𜵈[38;2;17;10;5;48;2;15;9;4m🮠[0m[7m[38;2;15;9;4m⠀[38;2;14;9;4m⠀[0m[38;2;20;12;8;48;2;15;9;4m🮇[48;2;24;13;11m΄[38;2;25;17;14;48;2;16;10;5m⢀[38;2;25;15;13;48;2;17;10;6m🭋[38;2;25;16;14;48;2;24;14;11m🭗[38;2;27;18;16;48;2;25;15;13m🭃[38;2;31;21;19;48;2;26;17;15m🭦[38;2;39;28;26;48;2;50;39;37m▍[38;2;39;29;27;48;2;23;15;12m▍[38;2;45;34;32;48;2;23;14;11m🬦[38;2;28;19;16;48;2;63;51;50m🮂[38;2;44;32;30;48;2;27;18;15m𜶄[38;2;62;51;51;48;2;21;13;9m▂[38;2;44;34;33;48;2;18;11;6m🬼[38;2;23;13;10;48;2;16;10;5m🭭[38;2;22;14;11;48;2;14;8;3m▔[38;2;16;9;5;48;2;15;9;4m΄[0m[7m[38;2;15;9;4m⠀⠀⠀[0m[38;2;38;27;25;48;2;24;15;12m🭤[38;2;36;26;24;48;2;61;40;35m𜶿[38;2;57;42;40;48;2;80;49;44m🬽[38;2;71;42;35;48;2;87;54;51m🬭[38;2;78;49;44;48;2;88;55;53m🬏[38;2;103;69;66;48;2;91;57;55m𜺠[38;2;108;77;76;48;2;95;62;59m𜺣[38;2;105;73;70;48;2;115;87;87m𜵇[38;2;114;102;108;48;2;100;75;76m🭑[38;2;112;103;110;48;2;92;78;81m🬭[38;2;121;112;122;48;2;106;95;101m𜷖[38;2;132;127;141;48;2;128;118;129m𜵺[38;2;135;129;144;48;2;131;121;133m𜴺[38;2;120;112;122;48;2;111;104;113m▍[38;2;111;104;115;48;2;109;103;111m🮀[38;2;106;103;115;48;2;103;100;110m╴[38;2;115;110;124;48;2;105;102;114m🮈[38;2;132;125;139;48;2;119;114;126m▝[38;2;126;116;127;48;2;131;120;131m🭃[38;2;120;121;141;48;2;119;116;131m▼[38;2;116;114;127;48;2;119;119;141m𜶻[38;2;120;120;141;48;2;114;115;131m𜴍[38;2;120;121;141m■[38;2;112;113;127;48;2;110;107;123m🭗[38;2;105;102;115m_[38;2;110;108;124;48;2;111;113;127m╸[38;2;120;120;141;48;2;113;115;131m🭦[0m[7m[38;2;120;120;142m⠀[0m[38;2;121;120;143;48;2;120;120;142m▁[38;2;126;128;146m🬉[38;2;121;121;143;48;2;124;127;146m🬼[38;2;117;117;137;48;2;124;126;146m🮇[38;2;118;118;138;48;2;112;113;128m🭤[38;2;117;118;137;48;2;120;121;143m🬼[0m
[38;2;110;108;124;48;2;111;113;127m𜺣[38;2;117;117;136;48;2;112;114;128m▔[38;2;118;118;139m▔[38;2;118;118;137;48;2;111;113;127m΄[38;2;111;110;125;48;2;112;114;127m𜵺[38;2;110;109;124;48;2;111;113;127m🭗[38;2;115;116;133;48;2;112;114;128m🭢[38;2;118;118;139m▔[38;2;118;118;138m▔[38;2;120;120;142;48;2;112;114;129m🮂[38;2;119;119;140;48;2;112;114;128m🭘[38;2;118;118;139;48;2;112;113;127m▔[38;2;111;110;126;48;2;107;104;118m𜴄[38;2;105;102;113;48;2;109;107;122m▗[38;2;107;105;117;48;2;110;109;125m🬼[38;2;111;113;127;48;2;110;108;124m▂[38;2;100;94;102;48;2;111;107;120m⠈[38;2;91;79;82;48;2;114;108;120m🭣[38;2;73;62;63;48;2;111;104;114m🮂[38;2;51;41;40;48;2;107;103;115m🮂[38;2;46;36;34;48;2;105;96;103m🮂[38;2;43;33;32;48;2;92;81;84m𜴅[38;2;54;42;42;48;2;27;18;16m🬿[38;2;32;22;19;48;2;16;9;5m🬽[0m[7m[38;2;15;9;4m⠀[0m[38;2;21;12;9;48;2;15;9;4m🭊[38;2;18;10;6m╴[38;2;21;12;9;48;2;14;9;4m🬀[0m[7m[38;2;15;9;4m⠀[0m[38;2;15;9;4;48;2;14;8;3m˙[38;2;21;13;10;48;2;15;9;4m▔[38;2;24;16;14m΄[38;2;23;13;10;48;2;16;9;5m¯[38;2;15;9;4;48;2;14;9;3m˙[0m[7m[38;2;15;9;4m⠀⠀[0m[38;2;21;12;9;48;2;15;9;4m🮇[38;2;25;14;11;48;2;24;14;11m▎[38;2;18;11;7;48;2;24;14;12m🬈[38;2;23;15;12;48;2;16;10;5m🬼[38;2;23;13;10;48;2;16;9;4m🭥[38;2;26;17;15;48;2;24;14;11m🭦[38;2;35;25;23;48;2;27;18;16m▕[38;2;38;29;27;48;2;50;39;37m🭗[38;2;38;27;24;48;2;21;13;9m▍[38;2;25;16;13;48;2;19;12;8m🬁[38;2;37;27;24;48;2;23;14;10m▔[38;2;42;31;30;48;2;21;13;9m🭦[38;2;69;57;57;48;2;105;92;95m▍[38;2;75;63;64;48;2;119;106;112m🭣[38;2;51;40;39;48;2;109;100;106m𜴅[38;2;105;93;98;48;2;28;20;16m▄[38;2;99;91;97;48;2;27;20;16m🬭[38;2;90;81;84;48;2;26;18;14m▂[38;2;65;54;54;48;2;19;11;7m▂[38;2;53;42;40;48;2;17;11;6m▁[38;2;39;28;28;48;2;18;11;7m▁[38;2;30;20;18;48;2;23;14;11m▂[38;2;39;28;26;48;2;24;15;11m𜵳[38;2;67;56;55;48;2;41;29;26m🭈[38;2;94;85;90;48;2;73;56;56m🭊[38;2;110;96;101;48;2;85;67;67m🭃[38;2;109;84;86;48;2;114;102;109m🭢[38;2;109;106;121;48;2;98;78;80m▄[38;2;106;96;101;48;2;113;109;122m▘[38;2;115;108;116;48;2;118;113;125m⠈[38;2;115;108;119;48;2;119;114;126m🬼[38;2;119;113;125m˙[38;2;122;123;142;48;2;118;114;126m🭗[38;2;111;106;118;48;2;118;113;125m𜺫[38;2;110;106;120;48;2;117;112;125m🮂[38;2;109;107;122;48;2;104;101;112m𜵈[38;2;111;107;123;48;2;106;102;112m𜷓[38;2;112;109;124;48;2;117;113;125m🭇[38;2;110;107;123;48;2;118;114;126m▄[38;2;109;107;122;48;2;115;113;126m𜶻[38;2;116;114;126;48;2;110;108;123m▘[38;2;112;112;127;48;2;110;107;123m▔[38;2;112;114;128;48;2;110;108;124m🭥[38;2;111;112;127;48;2;110;107;123m▍[38;2;108;104;119;48;2;103;100;110m▎[38;2;103;100;111;48;2;110;108;124m𜶻[38;2;107;104;117;48;2;111;112;126m🬼[38;2;117;118;138m▔[38;2;109;106;121;48;2;113;115;131m▄[38;2;108;106;120;48;2;117;118;137m🬭[38;2;111;110;126;48;2;120;120;142m▄[38;2;111;111;126;48;2;118;119;139m🭄[38;2;105;101;113;48;2;109;107;122m🭯[38;2;112;113;128;48;2;118;118;138m🭍[0m
[38;2;111;110;125;48;2;110;107;123m🭤[38;2;110;108;124;48;2;111;113;127m𜷓[38;2;112;113;128;48;2;110;108;123m▔[38;2;111;110;125m╸[38;2;110;108;124;48;2;111;112;127m🭬[38;2;112;113;127;48;2;110;108;124m🭾[48;2;112;114;128m [0m[7m[38;2;112;114;128m⠀⠀⠀⠀[0m[38;2;112;113;127;48;2;111;114;127m⠈[38;2;105;103;114;48;2;111;111;126m▔[38;2;106;103;116;48;2;110;107;123m𜴉[38;2;111;111;126m⠈[38;2;110;108;123;48;2;111;113;127m▂[38;2;112;106;116;48;2;112;111;125m🭤[38;2;114;110;123;48;2;112;105;114m▂[38;2;113;106;117;48;2;111;107;122m🭙[38;2;110;107;123;48;2;110;103;113m🭠[38;2;110;108;124;48;2;111;105;114m🬞[38;2;105;97;105;48;2;83;69;69m▌[38;2;48;38;37;48;2;58;48;48m▕[38;2;39;28;26;48;2;24;16;13m🭽[38;2;20;12;8;48;2;15;9;4m╺[38;2;17;10;6;48;2;21;13;9m🮛[38;2;14;9;3;48;2;15;9;4m▎[0m[7m[38;2;15;9;4m⠀[0m[38;2;21;12;9;48;2;16;9;5m𜵑[38;2;20;12;8;48;2;15;9;4m𜶜[38;2;19;12;8;48;2;14;9;3m𜺣[0m[7m[38;2;15;9;4m⠀[0m[38;2;23;14;11;48;2;15;9;4m🭊[38;2;16;9;5;48;2;23;13;10m🭣[38;2;20;12;8;48;2;15;9;4m╸[38;2;15;9;4;48;2;22;13;10m🬂[38;2;22;13;9;48;2;15;9;4m🬓[38;2;25;16;14;48;2;16;10;5m🮈[38;2;24;14;11;48;2;21;13;9m🭝[38;2;25;15;12;48;2;18;10;6m𜶜[38;2;34;23;21;48;2;20;12;8m𜺣[38;2;18;11;6;48;2;23;14;11m╏[38;2;35;25;23;48;2;26;16;13m🭋[38;2;46;34;31;48;2;51;40;40m▎[38;2;40;29;27;48;2;26;17;14m▎[38;2;20;12;8;48;2;23;14;10m𜵱[38;2;16;9;4;48;2;22;13;9m🭂[38;2;33;22;20;48;2;20;12;8m🭢[38;2;52;43;42;48;2;98;86;88m▌[38;2;119;106;111;48;2;120;111;121m𜴷[38;2;124;108;112;48;2;119;113;126m΄[38;2;126;117;128;48;2;118;114;126m΄[38;2;122;111;120;48;2;119;114;125m⠈[38;2;107;103;115;48;2;118;113;125m⠈[38;2;99;88;92m▔[38;2;77;66;67;48;2;113;107;117m▔[38;2;72;61;62;48;2;117;111;122m🮂[38;2;66;55;54;48;2;116;110;121m🮂[38;2;63;52;51;48;2;114;108;118m🮂[38;2;85;75;77;48;2;117;111;122m🮂[38;2;92;81;84;48;2;116;111;122m΄[38;2;113;106;114;48;2;113;103;110m▏[38;2;112;105;115;48;2;113;104;110m▕[38;2;111;106;120;48;2;110;107;123m▏[0m[7m[38;2;110;107;123m⠀[0m[38;2;119;108;116;48;2;113;109;124m🬁[38;2;118;113;125;48;2;113;108;120m🭃[38;2;116;108;117;48;2;118;114;125m╸[38;2;110;106;117;48;2;118;113;125m⠈[48;2;119;114;126m΄[38;2;120;115;126;48;2;118;113;125m·[38;2;118;114;126;48;2;111;108;123m🬼[38;2;113;109;124;48;2;110;107;123m⠈[38;2;120;114;127m⠁[0m[7m[38;2;110;107;123m⠀[0m[38;2;105;102;114;48;2;110;108;123m¯[0m[7m[38;2;110;107;123m⠀⠀⠀[0m[38;2;111;110;125;48;2;109;106;122m𜺨[38;2;104;101;113m▔[38;2;103;100;110;48;2;109;107;122m▔[38;2;105;102;114;48;2;109;106;123m΄[38;2;109;106;120;48;2;109;106;122m🮣[38;2;105;102;114;48;2;109;106;121m╼[38;2;111;108;124;48;2;110;107;123m·[38;2;111;110;125;48;2;110;106;123m🬽[38;2;110;108;124;48;2;110;107;123m_[38;2;104;101;111;48;2;109;106;121m𜵲[48;2;108;106;120m▂[0m
[7m[38;2;110;107;123m⠀[0m[38;2;111;111;126;48;2;110;107;123m𜺫[38;2;111;112;127;48;2;110;106;123m🮂[38;2;110;109;124;48;2;111;113;127m🮛[38;2;111;112;127;48;2;110;107;123m𜺣[0m[7m[38;2;110;107;123m⠀[0m[38;2;111;113;127;48;2;110;107;123m🬂[38;2;112;114;128m🬂[48;2;110;108;124m🬂[38;2;111;110;125;48;2;112;114;128m╸[38;2;112;114;128;48;2;111;110;125m🭝[38;2;110;109;124;48;2;112;113;127m▂[38;2;108;105;119;48;2;110;108;124m▮[0m[7m[38;2;110;107;123m⠀⠀⠀[0m[38;2;115;111;125;48;2;110;107;123m⠈[38;2;112;104;113;48;2;113;107;120m▲[38;2;112;105;114;48;2;112;107;120m🬖[38;2;112;104;111;48;2;111;106;119m🭖[38;2;111;107;120;48;2;110;103;111m🬁[38;2;80;67;68;48;2;104;93;98m🮈[38;2;69;57;56;48;2;45;34;32m▌[38;2;20;13;9;48;2;31;22;20m🮈[38;2;24;15;12;48;2;16;10;5m𜴔[38;2;16;10;5;48;2;22;13;10m🬽[38;2;23;14;11;48;2;15;9;4m🬼[38;2;24;15;12;48;2;16;9;5m╺[38;2;22;13;10;48;2;17;10;5m▎[38;2;20;12;8;48;2;16;9;5m𜴐[38;2;21;13;9;48;2;15;9;4m🭗[38;2;16;9;5m⠈[38;2;17;10;5;48;2;23;13;10m🭬[38;2;21;12;9;48;2;24;14;11m▕[38;2;23;13;10;48;2;15;9;4m🬭[48;2;16;10;5m🮈[48;2;15;9;4m🭏[38;2;23;15;11;48;2;17;10;6m🭢[38;2;17;10;6;48;2;24;15;12m🬭[38;2;42;30;28;48;2;31;21;19m▝[38;2;28;19;17;48;2;41;30;27m🭃[38;2;24;14;11;48;2;27;18;15m🭯[38;2;34;24;22;48;2;25;16;14m🭤[38;2;46;34;32;48;2;36;26;24m🭔[38;2;38;27;25;48;2;26;17;14m▎[38;2;26;16;14;48;2;23;13;10m▌[38;2;23;14;11;48;2;16;10;5m🬚[38;2;25;16;13;48;2;19;11;7m𜶤[38;2;73;61;61;48;2;34;23;20m🭦[38;2;94;87;93;48;2;114;107;117m▎[0m[7m[38;2;119;114;126m⠀⠀⠀[0m[38;2;115;107;116;48;2;119;114;126m𜺠[48;2;118;112;124m𜴽[38;2;113;104;112;48;2;118;113;124m▘[38;2;114;110;124;48;2;119;114;126m╸[38;2;114;106;114;48;2;119;113;124m🭉[38;2;122;107;111;48;2;118;112;124m𜵈[0m[7m[38;2;119;114;126m⠀[0m[38;2;117;110;120;48;2;119;114;126m▕[38;2;114;107;115;48;2;113;103;110m▏[38;2;112;105;115;48;2;113;104;110m▕[38;2;111;106;120;48;2;110;107;123m▏[0m[7m[38;2;110;107;123m⠀[0m[38;2;117;107;117;48;2;110;107;123m🭢[38;2;124;109;115;48;2;118;112;124m🭗[38;2;112;109;124;48;2;118;113;125m🬓[0m[7m[38;2;119;114;126m⠀⠀[0m[38;2;0;0;0;48;2;119;114;126m [38;2;110;108;124;48;2;115;114;127m𜴡[0m[7m[38;2;110;107;123m⠀⠀[0m[38;2;110;109;124;48;2;110;107;123m⠈[38;2;112;113;128m¯[0m[7m[38;2;110;107;123m⠀⠀⠀[0m[38;2;105;101;113;48;2;109;107;122m𜺫[38;2;105;102;113;48;2;110;107;123m🮂[38;2;109;106;121m΄[0m[7m[38;2;110;107;123m⠀[0m[38;2;106;103;116;48;2;110;107;123m𜺨[0m[7m[38;2;110;107;123m⠀⠀[0m[38;2;110;107;123;48;2;111;111;126m🭍[38;2;111;113;127;48;2;110;107;123m🬀[38;2;103;100;109;48;2;109;106;121m⠈[38;2;104;101;113;48;2;110;107;123m𜴸[0m
[38;2;104;101;112;48;2;109;106;122m🬭[38;2;110;107;123;48;2;105;102;114m🬂[38;2;104;101;112;48;2;109;106;121m🬭[38;2;105;102;114;48;2;110;108;123m🬦[38;2;111;111;126;48;2;103;101;111m🬂[38;2;110;107;123;48;2;103;100;111m🬂🬂🬂[38;2;105;102;113;48;2;109;107;122m🬽[38;2;103;100;111;48;2;110;107;123m🬭[38;2;110;107;123;48;2;104;101;111m🭜[48;2;104;101;113m🬂[48;2;103;100;111m🬂[38;2;110;107;122m🬂[38;2;109;106;121;48;2;103;100;110m🭭[38;2;110;107;122;48;2;103;100;111m🬂[38;2;110;107;123m🬂🬂[38;2;114;109;122;48;2;107;102;112m𜵳[38;2;106;102;112;48;2;112;104;111m𜷓[38;2;112;103;111;48;2;107;102;111m🭔[38;2;81;65;65;48;2;102;92;98m🮈[38;2;36;26;24;48;2;61;49;48m🭅[38;2;30;21;19;48;2;24;15;12m🬀[38;2;18;11;7;48;2;26;17;14m𜴿[38;2;24;14;12;48;2;16;10;5m🭯[38;2;18;11;6;48;2;23;14;12m𜵉[38;2;20;12;8;48;2;15;9;4m🬢[38;2;18;11;7m⡀[0m[7m[38;2;15;9;4m⠀[0m[38;2;19;11;7;48;2;15;9;4m˛[0m[7m[38;2;15;9;4m⠀[0m[38;2;16;9;5;48;2;24;15;12m▎[0m[7m[38;2;24;14;11m⠀[0m[38;2;17;10;5;48;2;23;13;10m🭮[38;2;22;13;9;48;2;16;9;5m🮈[38;2;20;12;8;48;2;23;14;11m╾[38;2;24;15;12;48;2;17;10;6m🭥[48;2;16;10;5m🭋[38;2;48;36;34;48;2;35;25;23m🬦[38;2;47;35;32;48;2;34;24;22m🬿[38;2;16;10;5;48;2;23;13;10m𜺨[38;2;34;24;22;48;2;26;16;14m🮇[38;2;38;28;26;48;2;48;37;35m𜴉[38;2;37;27;25;48;2;22;13;10m▍[38;2;18;11;6;48;2;23;14;11m𜵈[38;2;22;13;10;48;2;16;10;5m𜵉[48;2;24;15;12m🮛[38;2;48;37;36;48;2;21;13;9m🮇[38;2;76;65;65;48;2;109;100;106m▍[38;2;120;113;124;48;2;118;108;115m🮀[38;2;114;106;114;48;2;119;113;125m╸[38;2;120;107;113;48;2;118;113;125m𜴈[38;2;119;113;125;48;2;124;108;112m🭂[38;2;118;110;119;48;2;119;114;126m΄[38;2;117;113;125m▕[38;2;118;113;125;48;2;110;107;123m𜴂[38;2;112;104;113;48;2;116;110;122m🭄[38;2;111;106;120;48;2;113;104;111m𜶵[38;2;112;109;124;48;2;116;112;125mħ[38;2;119;114;125;48;2;116;111;125m🭔[38;2;113;104;111;48;2;113;109;123m🬂[48;2;110;106;122m🬂[38;2;110;107;124m˙[38;2;118;113;126;48;2;110;107;123m🭉[38;2;119;110;118;48;2;116;111;124m𜴽[38;2;112;109;124;48;2;118;113;126m╹[38;2;114;106;114;48;2;118;113;125m▖[38;2;114;114;127;48;2;118;114;126m_[38;2;113;114;127;48;2;119;114;126m🬭[38;2;117;114;126;48;2;112;114;128m▍[38;2;111;112;126;48;2;113;114;128m▕[38;2;109;109;122;48;2;111;110;125m_[38;2;110;107;123;48;2;112;113;127m🬂[48;2;111;113;127m🬂[0m[7m[38;2;110;107;123m⠀[0m[38;2;106;103;115;48;2;109;107;123m╺[38;2;111;108;124;48;2;110;107;123m⠄[38;2;111;113;127m🬭[38;2;111;112;126m🬏[0m[7m[38;2;110;107;123m⠀⠀⠀⠀⠀⠀[0m[38;2;111;108;124;48;2;110;107;123m⠠[38;2;103;100;111;48;2;109;106;121m𜶜[38;2;110;107;123;48;2;103;100;111m🬂🬂[0m
[38;2;108;105;119;48;2;103;100;111m⢀[38;2;102;100;109;48;2;103;100;109m⡁[38;2;104;101;112;48;2;103;100;110m⠈[38;2;106;103;115m΄[0m[7m[38;2;103;100;110m⠀⠀⠀⠀[0m[38;2;0;0;0;48;2;103;100;109m [0m[7m[38;2;103;100;110m⠀[0m[38;2;106;104;117;48;2;103;100;110m΄[0m[7m[38;2;103;100;110m⠀⠀⠀⠀⠀⠀⠀[0m[38;2;107;104;118;48;2;103;100;110m🭢[38;2;105;101;111;48;2;108;105;120m🬚[38;2;108;98;105;48;2;112;105;114m🮇[38;2;93;83;87;48;2;65;54;55m▌[38;2;40;30;29;48;2;24;16;13m▍[38;2;21;14;10;48;2;15;9;4m΄[38;2;21;13;10m⠈[38;2;23;15;12;48;2;17;10;6m🭭[38;2;22;13;10;48;2;15;9;4m▔[38;2;23;15;12m𜺨[38;2;23;14;11;48;2;14;9;4m🬞[0m[7m[38;2;15;9;4m⠀[0m[38;2;26;17;15;48;2;18;11;7m𜶖[38;2;25;15;12;48;2;17;10;6m▍[38;2;24;15;12;48;2;18;11;6m𜵶[38;2;22;13;9;48;2;23;13;11m🮠[38;2;17;10;5;48;2;24;13;11m🮇[38;2;22;13;10;48;2;16;9;4m𜶭[38;2;18;11;6;48;2;24;14;11m🭿[38;2;20;13;9;48;2;15;9;4m˛[38;2;26;17;14;48;2;17;10;5m🮈[38;2;34;25;23;48;2;48;36;34m▎[38;2;40;28;25;48;2;49;38;35m🮇[38;2;32;23;20;48;2;22;13;9m🬼[38;2;23;14;11;48;2;35;26;24m▌[38;2;44;33;30;48;2;49;37;34m𜴒[38;2;40;30;28;48;2;26;17;14m🭀[38;2;26;17;15;48;2;22;13;10m𜵥[38;2;19;12;8;48;2;25;16;13m𜴷[38;2;23;14;10;48;2;26;17;14m𜶞[38;2;35;25;23;48;2;20;12;8m🮇[38;2;70;56;55;48;2;108;102;111m▌[38;2;116;109;118;48;2;118;113;125m🭯[38;2;119;114;126m˙[0m[7m[38;2;119;114;126m⠀⠀⠀[0m[38;2;119;114;126;48;2;118;114;126m˙[38;2;115;111;125;48;2;110;107;123m🬏[38;2;111;108;123;48;2;111;105;117m▏[38;2;114;111;125;48;2;119;114;126m🭽[38;2;120;115;126m΄[0m[7m[38;2;119;114;126m⠀[0m[38;2;113;109;124;48;2;119;114;126m🭢[38;2;110;107;123;48;2;118;114;126m🮂🮂[38;2;115;107;116;48;2;118;113;125m╶[38;2;114;107;115m▌[38;2;120;115;126;48;2;119;114;126m🭵[38;2;113;107;117;48;2;114;110;124m𜴶[38;2;118;114;126;48;2;114;114;127m𜵴[38;2;116;114;127;48;2;112;114;128m🬼[0m[7m[38;2;112;114;128m⠀[0m[38;2;112;114;128;48;2;111;113;127m˙[38;2;105;103;114;48;2;111;114;128m𜺨[0m[7m[38;2;112;114;128m⠀⠀[0m[38;2;111;113;127;48;2;110;108;124m🭍[38;2;111;112;127;48;2;110;107;123m𜵈[38;2;111;111;126m⢠[38;2;111;113;127;48;2;110;109;124m𜶀[38;2;111;112;127;48;2;110;107;123m⡀[0m[7m[38;2;110;107;123m⠀[0m[38;2;111;113;127;48;2;110;107;123m🬭[38;2;110;107;123;48;2;111;112;126m🬌[38;2;112;113;127;48;2;110;107;123m🬭[38;2;111;112;126m🬽[38;2;111;112;127m🬭[0m[7m[38;2;110;107;123m⠀[0m[38;2;108;105;120;48;2;103;100;110m▏[0m[7m[38;2;103;100;110m⠀⠀[0m
[38;2;107;104;118;48;2;103;100;110m🬂[0m[7m[38;2;103;100;110m⠀⠀⠀⠀⠀⠀⠀⠀⠀⠀⠀⠀⠀⠀⠀⠀⠀⠀[0m[38;2;109;106;122;48;2;103;100;110m🮈[38;2;101;95;102;48;2;110;105;118m🭉[38;2;85;75;78;48;2;46;35;33m▌[38;2;34;25;23;48;2;26;16;14m˛[38;2;22;13;10;48;2;17;10;6m┏[38;2;23;13;10;48;2;15;9;4m΄[38;2;21;13;9;48;2;16;9;5m𜵲[38;2;19;11;7;48;2;15;9;4m🭗[48;2;26;17;14m𜷖[38;2;23;15;12;48;2;15;9;4m𜺫[38;2;22;13;9m𜶠[38;2;20;12;8;48;2;26;17;15m🮛[38;2;23;14;11;48;2;20;12;8m𜵢[38;2;17;10;6;48;2;24;15;12m𜺣[38;2;24;14;11;48;2;23;13;11m˙[38;2;20;12;8;48;2;15;9;4m𜵅[38;2;21;12;9;48;2;16;10;5mĪ[38;2;14;8;3;48;2;14;9;4m˙[38;2;25;17;14;48;2;15;9;4m𜺫[38;2;27;18;15;48;2;17;10;6m🮈[38;2;60;51;50;48;2;46;35;33m🬞[38;2;50;38;36;48;2;56;46;45m🬂[38;2;44;32;30;48;2;29;19;17m▍[38;2;27;18;16;48;2;36;26;24m▌[38;2;46;33;30;48;2;49;38;36m▎[38;2;38;27;25;48;2;25;16;13m▍[38;2;16;10;5;48;2;22;13;9m🬉[38;2;19;11;7;48;2;25;16;13m𜴸[38;2;21;13;9m𜶠[38;2;33;23;21;48;2;23;15;12m🮇[38;2;58;47;46;48;2;103;93;98m▌[38;2;120;108;114;48;2;120;112;122m🮛[38;2;119;113;125;48;2;115;107;115m🭖[38;2;119;114;127;48;2;119;114;126m▁[38;2;117;110;121m˛[38;2;118;113;125;48;2;115;109;121m🭝[38;2;112;106;116;48;2;117;113;125m▂[38;2;114;111;125;48;2;113;107;118m𜷂[38;2;114;106;114;48;2;118;113;125m🭘[38;2;117;112;126;48;2;119;114;126m΄[0m[7m[38;2;119;114;126m⠀⠀⠀⠀[0m[38;2;117;110;120;48;2;119;114;126m_[38;2;113;114;127;48;2;118;114;126m🬦[38;2;113;108;120;48;2;117;113;126m🭦[38;2;118;113;126;48;2;113;107;118m🭔[38;2;110;107;122;48;2;113;105;113m▝[38;2;117;113;126;48;2;110;108;124m🭖[38;2;118;114;126;48;2;113;114;127m▌[0m[7m[38;2;112;114;128m⠀⠀[0m[38;2;117;114;126;48;2;112;114;128m𜺣[0m[7m[38;2;112;114;128m⠀[0m[38;2;112;115;128;48;2;111;113;127m·[38;2;110;108;124m𜴆[38;2;111;112;127;48;2;110;108;123m𜵅[38;2;111;110;126;48;2;110;107;123m🭿[38;2;110;106;123;48;2;111;113;127m🮂[38;2;110;107;123m🮂[38;2;110;108;123m𜴅[38;2;112;113;127;48;2;112;114;128m▏[0m[7m[38;2;112;114;128m⠀⠀[0m[38;2;112;115;128;48;2;112;114;128m⠨[38;2;110;108;124;48;2;111;113;127m╸🭋[38;2;107;104;117;48;2;103;100;109m▎[0m[7m[38;2;103;100;110m⠀⠀[0m
[38;2;103;100;110;48;2;103;100;109m˙[38;2;108;105;118;48;2;103;100;111m·[38;2;103;100;110;48;2;103;100;109m˙[0m[7m[38;2;103;100;110m⠀⠀⠀⠀[0m[38;2;106;103;115;48;2;103;100;110m⠐[38;2;105;102;114m⠂[0m[7m[38;2;103;100;110m⠀⠀⠀⠀⠀⠀⠀⠀⠀[0m[38;2;103;100;110;48;2;102;100;109m˙[38;2;110;106;120;48;2;104;101;112m🭅[38;2;93;83;86;48;2;109;102;110m🭋[38;2;74;62;63;48;2;40;30;29m▍[38;2;30;21;18;48;2;23;14;10m𜵺[38;2;20;12;8;48;2;25;15;13m𜶑[38;2;20;13;9;48;2;15;9;4m▕[38;2;19;11;7;48;2;25;15;13m🮈[38;2;14;9;3;48;2;15;9;4m▎[38;2;21;12;9;48;2;16;9;5m𜴡[38;2;15;9;4;48;2;14;9;3m˙[38;2;16;10;5;48;2;23;13;10m▌[38;2;23;14;11;48;2;18;11;6m𜵇[38;2;22;13;9;48;2;15;9;4m▌[38;2;22;14;11m🭢[38;2;22;13;10;48;2;25;16;13m𜷍[38;2;16;9;4;48;2;22;13;9m🬠[38;2;20;12;8;48;2;15;9;4m🭢[38;2;18;11;6;48;2;23;14;10m🭽[38;2;22;13;9;48;2;17;10;5m╻[38;2;29;20;17;48;2;18;10;6m🮇[38;2;43;32;30;48;2;70;56;55m▎[38;2;58;48;48;48;2;67;54;54m🭮[38;2;53;43;42;48;2;46;35;32m▍[38;2;48;37;35;48;2;34;24;22m▂[38;2;47;35;33;48;2;50;38;36m🭛[38;2;38;27;25;48;2;25;15;13m▍[38;2;20;12;8;48;2;26;17;14m🭦[38;2;19;11;7;48;2;25;16;13m🭽[38;2;24;15;12;48;2;17;10;5m🬂[38;2;23;15;12;48;2;18;11;7m🭿[38;2;40;29;26;48;2;83;73;75m▌[38;2;117;112;123;48;2;107;101;110m🭖[38;2;118;112;123;48;2;114;107;115m🬠[38;2;114;106;114;48;2;117;111;122m▮[38;2;116;110;119;48;2;119;114;126m🭭[38;2;112;109;124m▔[38;2;111;105;117;48;2;114;112;126m▝[38;2;111;107;122;48;2;113;113;127m🭛[38;2;112;114;128;48;2;118;114;126m🬽[38;2;113;114;128;48;2;119;114;126m▂[38;2;113;114;127m▂[0m[7m[38;2;119;114;126m⠀[0m[38;2;112;114;128;48;2;118;114;126m▗[38;2;112;111;126;48;2;117;114;126m🬩[38;2;115;108;117;48;2;118;113;125m¯[38;2;119;114;126;48;2;113;114;127m🬀[38;2;112;112;125;48;2;112;114;127m⠈[38;2;113;108;117;48;2;114;112;125m·[38;2;118;113;124;48;2;112;105;115m▌[38;2;111;105;117;48;2;112;109;124m𜴉[38;2;116;115;127;48;2;112;114;128m▏[0m[7m[38;2;112;114;128m⠀⠀[0m[38;2;117;114;126;48;2;112;114;128m🬀[0m[7m[38;2;112;114;128m⠀⠀⠀[0m[38;2;112;115;128;48;2;112;114;128m⠈🮂[0m[7m[38;2;112;114;128m⠀⠀⠀⠀⠀⠀⠀[0m[38;2;116;114;127;48;2;112;114;128m𜴘[38;2;111;113;127;48;2;110;107;123m▍[38;2;108;105;119;48;2;103;100;110m🭬[38;2;102;100;109;48;2;103;100;109m⠠[38;2;109;106;120;48;2;104;101;111m+[0m
[38;2;109;106;121;48;2;103;100;110m🬏[0m[7m[38;2;103;100;110m⠀⠀[0m[38;2;107;104;117;48;2;103;100;110m𜺠[0m[7m[38;2;103;100;110m⠀⠀⠀⠀⠀⠀⠀⠀⠀[0m[38;2;106;103;115;48;2;103;100;110m🭺[0m[7m[38;2;103;100;110m⠀⠀⠀[0m[38;2;108;105;119;48;2;103;100;110m𜺠[38;2;110;107;122;48;2;104;101;112m🭿[38;2;112;106;116;48;2;110;107;123m𜺠[38;2;77;66;68;48;2;106;98;105m🮈[38;2;52;43;42;48;2;32;22;20m▍[38;2;23;14;11;48;2;15;9;4m𜷂[38;2;25;16;13;48;2;19;12;8m𜷌[38;2;26;17;14;48;2;16;9;5m🬞[38;2;17;10;5;48;2;21;12;9m🮇[38;2;14;9;3;48;2;15;9;4m▎[38;2;24;14;11;48;2;16;9;5m▗[38;2;23;15;12m🭇[38;2;22;13;10;48;2;26;17;15m🮈[38;2;21;12;8;48;2;16;9;5m🬐[38;2;22;13;9;48;2;15;9;4m▌[38;2;25;16;13m🮇[38;2;25;15;12;48;2;16;9;5m▌[38;2;16;10;5;48;2;15;9;4m⠁[38;2;18;11;7;48;2;14;9;4m▕[38;2;14;9;4;48;2;22;13;9m𜶖[38;2;22;13;9;48;2;15;9;4m΄[38;2;33;23;20;48;2;18;11;7m🮈[38;2;56;42;40;48;2;78;63;63m▍[38;2;76;61;60;48;2;80;67;68m🭦[38;2;58;48;48;48;2;73;58;58m🭥[38;2;49;38;36;48;2;54;44;44m𜴡[38;2;50;39;37;48;2;56;45;45m▕[38;2;41;30;28;48;2;26;17;14m▎[38;2;30;21;19;48;2;27;17;15m🬉[38;2;27;17;15;48;2;31;22;20m🭦[38;2;16;10;5;48;2;24;14;12m🭖[38;2;19;11;7;48;2;25;16;13m𜶿[38;2;64;53;54;48;2;34;25;23m🮈[38;2;94;83;86;48;2;115;108;117m▍[38;2;120;115;127;48;2;119;114;126m▏[38;2;114;106;115;48;2;117;112;123m→[38;2;116;109;119;48;2;118;113;125m┗[38;2;117;113;124;48;2;122;110;118m🭝[38;2;112;113;127;48;2;122;109;116m🬂[38;2;120;109;117;48;2;115;113;126m🬢[38;2;114;108;118;48;2;115;113;127m🬼[38;2;112;114;128;48;2;116;113;126m˙[38;2;118;113;126;48;2;112;109;121m🭃[38;2;116;114;127;48;2;119;114;126m΄[0m[7m[38;2;119;114;126m⠀[0m[38;2;114;106;113;48;2;117;113;125m𜴃[38;2;117;112;123;48;2;119;114;126m▏[38;2;115;114;127m🭢[38;2;112;114;128;48;2;118;114;126m🭣[48;2;111;112;126m🭱[38;2;113;109;124;48;2;117;112;125m𜴁[38;2;118;113;126;48;2;110;107;123m🮇[38;2;116;114;127;48;2;112;114;128m▎[0m[7m[38;2;112;114;128m⠀⠀⠀⠀⠀⠀⠀⠀⠀⠀⠀⠀⠀⠀⠀[0m[38;2;112;115;128;48;2;112;114;128m▕[38;2;111;113;127;48;2;110;107;124m▍[38;2;107;104;117;48;2;103;100;109m▎[48;2;103;100;111m⠐[38;2;107;105;118;48;2;103;100;110m🬀[0m
