[0m[38;2;123;124;145;48;2;124;127;146m¸[0m[7m[38;2;125;128;147m⠀⠀⠀⠀⠀[0m[38;2;125;129;147;48;2;125;128;147m⢀[0m[7m[38;2;125;128;147m⠀[0m[38;2;125;128;147;48;2;124;127;146m˙[38;2;120;121;142m▁🬭[38;2;123;125;145;48;2;120;120;142m𜴄[38;2;124;126;146m🮇[0m[7m[38;2;125;128;147m⠀⠀⠀⠀[0m[38;2;136;137;160;48;2;125;128;147m🬞[38;2;139;140;164;48;2;125;128;148m🬦[38;2;122;123;144;48;2;138;139;163m🭘[38;2;129;132;152;48;2;140;141;165m🮂[38;2;136;137;160;48;2;124;127;146m▍[38;2;127;129;149;48;2;123;125;145m𜺠[38;2;140;141;165;48;2;127;129;147m▁[38;2;115;117;133;48;2;125;127;147m▝[38;2;113;115;130;48;2;121;121;142m🮂[38;2;118;119;139;48;2;111;112;126m🭑[38;2;111;114;127;48;2;118;119;139m𜴆[38;2;113;114;129;48;2;119;119;140m🬍[38;2;115;114;132;48;2;120;120;141m𜴃[38;2;121;121;143;48;2;120;120;142m⠂[38;2;115;116;133;48;2;120;119;142m𜺫[38;2;121;121;143;48;2;120;120;142m🭵[38;2;115;117;133;48;2;110;109;124m▍[38;2;112;114;128;48;2;110;109;125m𜴒[38;2;110;107;123;48;2;111;113;127m🬚[38;2;118;118;134;48;2;108;107;120m▝[38;2;109;106;121;48;2;122;123;144m🬭[38;2;110;107;123;48;2;123;124;143m🬭[38;2;121;122;142;48;2;110;108;124m🬂[38;2;111;111;126;48;2;109;106;122m🭘[38;2;107;104;117;48;2;110;108;123m🮂[38;2;103;100;111;48;2;109;106;121m𜴅[38;2;107;104;118;48;2;103;100;110m🭉[38;2;104;101;112;48;2;110;107;123m🮂[38;2;127;121;135;48;2;110;106;120m🭈[38;2;130;126;144;48;2;122;115;127m🭊[38;2;133;128;145;48;2;119;114;128m▄[38;2;136;133;152;48;2;123;117;129m▂[38;2;125;124;140;48;2;116;111;125m𜺣[38;2;110;107;123;48;2;118;113;125m𜴀[48;2;119;114;126m [38;2;107;104;118;48;2;116;112;124m🭤[38;2;112;109;123;48;2;105;102;113m𜶮[38;2;119;116;132;48;2;107;104;117m𜴅[38;2;112;110;125;48;2;120;119;140m🬭[38;2;115;111;125;48;2;119;119;141m🬭[38;2;118;118;138;48;2;117;114;129m🬩[38;2;120;118;138;48;2;114;112;126m╸[38;2;111;108;124;48;2;106;103;115m🭍[38;2;108;105;119;48;2;103;100;110m🬾[38;2;109;107;122;48;2;104;101;111m🬦[38;2;110;107;123;48;2;104;101;112m🭂[38;2;110;110;125;48;2;109;107;123m🭤[38;2;120;119;138;48;2;114;113;127m𜴃[38;2;112;111;126;48;2;119;119;139m🬭[48;2;120;121;142m🬭[38;2;123;124;143;48;2;112;110;125m𜴂[38;2;131;129;146;48;2;111;111;126m🬂[38;2;134;133;154;48;2;114;114;128m🬂[38;2;132;129;146;48;2;117;115;130m🮂[38;2;120;120;142;48;2;118;114;127m🬂[48;2;119;114;127m🬂[48;2;119;116;130m🬂[38;2;119;120;142;48;2;119;116;131m🬂[38;2;124;119;136;48;2;122;115;127m🬀[38;2;130;118;127;48;2;120;114;126m🬂[38;2;121;119;140;48;2;120;115;127m🭥[38;2;119;114;128;48;2;119;119;140m𜴡[0m[7m[38;2;119;114;126m⠀⠀[0m[38;2;112;111;126;48;2;118;114;126m🭋[38;2;117;113;125;48;2;110;107;123m΄[0m[7m[38;2;110;107;123m⠀⠀⠀⠀⠀⠀[0m[38;2;112;114;128;48;2;110;107;123m▁[0m
[38;2;120;120;142;48;2;124;127;146m▍[0m[7m[38;2;125;128;147m⠀⠀⠀[0m[38;2;123;124;145;48;2;124;127;146m_[38;2;125;129;147;48;2;125;128;147m⠈[38;2;122;122;143m🮂[38;2;122;123;144;48;2;124;127;146m𜺨[38;2;120;120;142;48;2;125;128;147m🬭[38;2;121;121;143;48;2;120;120;142m΄[0m[7m[38;2;120;120;142m⠀[0m[38;2;120;120;142;48;2;120;119;142m˙[38;2;122;123;144;48;2;120;120;142m↑[38;2;124;127;146m𜺫[38;2;120;120;142;48;2;123;126;145m𜵈[38;2;125;128;147;48;2;125;128;146m˙[0m[7m[38;2;125;128;147m⠀[0m[38;2;131;133;154;48;2;139;140;164m▎[38;2;135;137;159;48;2;140;141;165m⠁[0m[7m[38;2;140;141;165m⠀[0m[38;2;131;133;153;48;2;140;141;164m🭉[38;2;135;135;156;48;2;125;127;146m🭗[38;2;134;136;158;48;2;125;128;147m▕[38;2;141;142;167;48;2;140;141;165m🭰[38;2;139;140;164;48;2;130;131;149m▌[38;2;138;139;162;48;2;127;128;147m▄[38;2;126;128;148;48;2;139;140;164m𜴂[38;2;126;127;147;48;2;139;141;164m🮂[38;2;125;127;147m🮂[38;2;128;127;146;48;2;139;140;163m🬂[38;2;124;123;143m🬂[38;2;121;122;143;48;2;135;132;149m🭕[38;2;124;127;146;48;2;120;120;142m🬼[38;2;113;114;130;48;2;119;119;140m🭖[38;2;112;113;127;48;2;113;105;113m🭝[38;2;112;106;114;48;2;112;113;127m𜶻[38;2;112;113;127;48;2;110;107;123m🬭[38;2;117;115;130;48;2;110;109;124m🬭[38;2;119;117;136;48;2;111;109;123m🬭[38;2;115;115;130;48;2;108;106;120m🬭[38;2;115;113;126;48;2;110;107;123m🬽[38;2;110;108;124;48;2;113;101;111m🭝[38;2;112;105;117;48;2;110;106;122m¸[38;2;109;107;122;48;2;105;102;114m🬭[38;2;128;125;143;48;2;116;113;127m🭇[38;2;125;124;143;48;2;135;130;146m🭚[38;2;132;128;146;48;2;137;131;146m΄[38;2;137;131;146;48;2;138;137;157m🭝[38;2;138;136;155;48;2;135;128;142m𜶮[48;2;136;130;145m🬽[38;2;130;125;140;48;2;125;117;129m𜴺[38;2;119;114;126;48;2;119;114;125m˙[38;2;125;116;127;48;2;119;114;126m🭮[38;2;120;114;126;48;2;129;117;127m🭤[38;2;113;111;126;48;2;121;115;126m🭕[38;2;105;102;114;48;2;110;107;123m╼╾[38;2;110;109;125m˙[38;2;113;110;125m⠁[38;2;110;108;124m⢰[38;2;109;106;121;48;2;103;101;111m🭙[38;2;108;105;119;48;2;103;100;110m🬉[38;2;107;104;117;48;2;112;109;124m🬼[38;2;109;106;121;48;2;103;100;110m𜷂[38;2;113;111;124;48;2;104;101;112m▁[38;2;115;113;129;48;2;105;102;114m▂[38;2;116;115;132m🬭[38;2;116;117;135;48;2;109;107;123m▂[38;2;118;119;139;48;2;110;109;125m🭈[38;2;137;133;151;48;2;120;120;140m▂[38;2;121;121;140;48;2;135;134;153m🭜[38;2;137;133;150;48;2;123;124;143m▄[38;2;118;118;137;48;2;122;123;144m🭘[38;2;136;133;151;48;2;123;124;144m🭉[38;2;139;139;161;48;2;126;126;145m🬭[38;2;136;133;151;48;2;124;125;144m🬼[38;2;123;124;144;48;2;120;119;141m🭬[38;2;120;118;136;48;2;120;120;142m▔[38;2;120;119;139m΄[38;2;120;118;136m▔[38;2;119;115;129;48;2;119;120;141m🮂[38;2;119;117;133;48;2;115;114;127m𜺣[38;2;110;108;124;48;2;112;114;127m🮂[38;2;110;109;125;48;2;110;107;123m▏[0m[7m[38;2;110;107;123m⠀⠀[0m[38;2;110;109;125;48;2;110;107;123m¸[38;2;111;113;127m🬭[38;2;110;108;123;48;2;111;113;127m🬟[38;2;110;108;124;48;2;112;114;128m🬭[0m
[38;2;124;126;146;48;2;120;120;142m🭦[0m[7m[38;2;125;128;147m⠀[0m[38;2;0;0;0;48;2;125;128;147m [0m[7m[38;2;125;128;147m⠀[0m[38;2;123;123;144;48;2;124;127;146m⠁[0m[7m[38;2;125;128;147m⠀[0m[38;2;122;123;144;48;2;125;128;147m▁[38;2;124;127;146;48;2;120;121;142m🭠[48;2;120;119;142m [0m[7m[38;2;120;120;142m⠀[0m[38;2;120;120;142;48;2;120;119;142m˙[38;2;120;119;142;48;2;120;120;142m·[38;2;120;121;142;48;2;124;127;146m𜴸🮂[38;2;139;140;164;48;2;127;129;149m𜶖[38;2;140;141;165;48;2;128;131;151m🭂[38;2;133;135;157;48;2;140;141;165m▔[38;2;142;142;167m΄[38;2;140;141;166m🭉[38;2;122;124;144;48;2;136;138;161m🬦[38;2;130;132;153;48;2;122;123;144m🭗[38;2;132;135;156;48;2;122;124;144m▁[38;2;126;128;148;48;2;139;140;164m🭚[38;2;141;141;166;48;2;140;141;165m⠃[38;2;136;138;160m🭢[38;2;141;142;166m˙[0m[7m[38;2;140;141;165m⠀⠀⠀⠀[0m[38;2;140;142;167;48;2;140;141;165m˛[38;2;137;131;147;48;2;139;139;161m𜷍[38;2;133;130;148;48;2;122;120;137m🭠[38;2;113;107;117;48;2;116;116;134m🭊[38;2;115;112;123;48;2;113;105;113m𜴂[38;2;119;112;122;48;2;114;105;113m🬽[38;2;117;110;120;48;2;120;115;128m𜴫[38;2;125;118;133;48;2;129;124;140m🭕[38;2;129;119;131;48;2;128;127;144m𜶬[38;2;127;126;144;48;2;123;121;138m𜵈[38;2;124;117;129;48;2;119;112;124m🭬[38;2;110;105;116;48;2;114;103;109m𜴍[38;2;126;116;126;48;2;115;106;114m🭈[38;2;114;112;127;48;2;130;120;132m🬂[38;2;126;122;138;48;2;137;132;148m▘[38;2;139;139;161;48;2;137;131;147m𜴘[38;2;137;131;146;48;2;138;135;153m🭔[38;2;139;139;161;48;2;137;132;148m▄[38;2;138;134;153;48;2;137;131;146m▔[38;2;139;138;159;48;2;137;133;149m𜴩[38;2;139;140;163;48;2;137;133;150m🭯[38;2;123;118;131;48;2;136;132;149m🬂[38;2;132;127;144;48;2;120;116;130m🬓[38;2;120;119;138;48;2;122;115;126m▗[38;2;127;118;130;48;2;123;121;140m▌[38;2;123;126;146;48;2;119;119;140m𜷓[38;2;117;117;134;48;2;124;126;146m▔[38;2;123;124;142;48;2;115;113;129m🬿[38;2;113;112;130;48;2;111;108;123m_[38;2;111;108;124;48;2;110;107;123m🭵[38;2;107;104;117;48;2;103;100;109m▎[38;2;108;105;120;48;2;103;100;110m🭉[38;2;114;115;129;48;2;109;107;123m🭮[38;2;117;114;131;48;2;128;126;144m🬂[38;2;118;118;138;48;2;129;129;146m🮂[38;2;120;119;138;48;2;132;129;146m𜺨[38;2;124;126;146;48;2;136;130;146m𜴂[48;2;136;131;146m🮂[38;2;127;128;146;48;2;137;131;146m🬂[38;2;139;140;163;48;2;136;132;149m🭄[38;2;137;134;151;48;2;139;140;163m⎺[38;2;136;131;146;48;2;139;139;161m🮈[38;2;128;129;146;48;2;122;123;144m🬿[38;2;136;137;158;48;2;123;124;144m🬁[38;2;140;140;164;48;2;137;133;149m🭕[38;2;139;137;157;48;2;140;141;165m▔[38;2;121;122;143;48;2;134;131;148m🬉[38;2;133;130;146;48;2;121;121;143m🬭[38;2;125;127;147;48;2;120;120;142m▂[0m[7m[38;2;120;120;142m⠀⠀[0m[38;2;112;114;128;48;2;118;119;139m𜶖[38;2;110;108;124;48;2;111;114;127m🭄[38;2;110;109;125;48;2;110;107;123m΄[0m[7m[38;2;110;107;123m⠀⠀[0m[38;2;111;113;127;48;2;110;107;123m🮇[38;2;112;112;127;48;2;112;114;128m΄[38;2;110;107;123;48;2;111;113;127m𜺫[48;2;112;113;127m🮂[0m
[38;2;121;121;143;48;2;120;120;142m⠸[38;2;123;124;145m𜴂[38;2;124;126;146m🭾[0m[7m[38;2;125;128;147m⠀[0m[38;2;120;120;142;48;2;124;127;146m𜺠[38;2;122;123;144;48;2;124;128;146m🬼[38;2;121;122;143m▔[48;2;125;128;146m▔[48;2;124;127;146m▔[38;2;124;126;146;48;2;120;120;142m🬼[38;2;128;131;150;48;2;122;123;144m▁[38;2;133;135;157;48;2;124;127;146m▁[38;2;140;141;165;48;2;123;125;145m▂[38;2;135;137;159;48;2;124;126;146m🬽[38;2;135;136;159;48;2;125;127;147m🭢[38;2;122;124;144;48;2;138;139;162m🭑[38;2;139;140;164;48;2;127;130;149m🭕[0m[7m[38;2;140;141;165m⠀[0m[38;2;125;128;147;48;2;139;140;164m🭇[38;2;123;124;144;48;2;132;134;156m🭃[38;2;131;133;154;48;2;125;128;146m🭉[48;2;140;141;165m🭗[0m[7m[38;2;140;141;165m⠀⠀[0m[38;2;131;133;154;48;2;140;141;165m𜴘[0m[7m[38;2;140;141;165m⠀⠀[0m[38;2;140;141;165;48;2;139;141;165m˙[38;2;136;132;148;48;2;139;140;164m🭈[38;2;125;127;145;48;2;138;138;159m🭊[38;2;118;120;136;48;2;135;134;154m🬭[38;2;127;128;147;48;2;125;121;138m𜴺[38;2;133;129;146;48;2;122;115;127m🬿[38;2;114;110;120;48;2;117;115;129m🬢[38;2;115;108;117;48;2;118;113;124m▔[38;2;118;108;115;48;2;119;113;126m𜴧[38;2;119;107;115;48;2;118;113;126m🭑[38;2;122;116;129;48;2;117;108;118m🭜[38;2;129;118;128;48;2;113;108;120m🬂[38;2;124;120;136;48;2;115;109;120m🬂[38;2;121;114;125;48;2;125;108;111m🭍[38;2;122;107;112;48;2;120;112;122m🬌[38;2;128;117;128;48;2;121;112;122m🭖[38;2;124;115;125;48;2;134;126;139m🬽[38;2;133;124;137;48;2;137;132;148m🬼[38;2;139;139;162;48;2;137;132;149m𜴡[38;2;137;132;148;48;2;139;138;159m𜴛[38;2;139;138;159;48;2;137;132;148m𜵆[38;2;138;134;151;48;2;139;139;162m𜵡[38;2;138;134;152;48;2;140;141;165m𜶝[38;2;132;123;135;48;2;139;137;158m𜺠[38;2;126;117;128;48;2;136;130;145m𜷋[38;2;133;127;141;48;2;120;114;127m🬄[38;2;121;116;132;48;2;118;113;126m🭢[38;2;119;113;125;48;2;130;123;137m🭑[38;2;113;108;122;48;2;125;126;143m🬭[38;2;111;109;125;48;2;123;125;144m🬭[38;2;105;102;114;48;2;117;117;134m🬭[38;2;119;116;132;48;2;110;108;123m𜺨[38;2;110;108;124;48;2;110;107;123m¸[38;2;109;106;122;48;2;104;101;111m▄[38;2;104;101;112;48;2;109;106;122m▘[38;2;112;114;129;48;2;110;109;124m🭤[38;2;112;110;127;48;2;120;121;142m▄[38;2;116;117;135;48;2;125;128;146m𜶻[38;2;122;121;143;48;2;126;128;146m▂[0m[7m[38;2;137;131;146m⠀⠀[0m[38;2;140;140;163;48;2;137;131;147m🮇[38;2;140;142;166;48;2;140;141;165m▎[0m[7m[38;2;140;141;165m⠀[0m[38;2;137;133;150;48;2;140;141;165m𜴡[38;2;139;139;162;48;2;127;128;147m▂[38;2;137;132;148;48;2;123;125;145m▂[38;2;131;129;146;48;2;123;124;145m🭣[38;2;124;126;145;48;2;137;137;159m🬓[38;2;138;134;151;48;2;140;141;165m▔[38;2;138;134;150m▔[38;2;140;140;164;48;2;135;131;148m𜶿[38;2;138;136;155;48;2;124;123;143m🬾[38;2;113;114;130;48;2;119;119;140m𜶜[38;2;118;118;138;48;2;111;110;125m🬀[38;2;111;111;126;48;2;110;108;123m🭗[38;2;110;109;124;48;2;110;107;123m_[0m[7m[38;2;110;107;123m⠀⠀[0m[38;2;111;112;127;48;2;110;107;123m🮈[38;2;115;116;133;48;2;112;114;128m▕[38;2;117;117;136;48;2;112;113;127m𜴍[38;2;112;114;128m˙[0m
[38;2;115;116;133;48;2;118;119;140m🬠[38;2;121;120;143;48;2;120;120;142m΄[38;2;120;119;141m▕[38;2;120;121;142;48;2;124;127;146m▎[38;2;124;128;146;48;2;120;120;142m▌[38;2;124;127;146;48;2;120;121;142m🬉[38;2;123;125;145;48;2;124;128;146m🬼[38;2;120;119;141;48;2;124;127;146m🬞[38;2;120;121;142m▂[38;2;139;140;163;48;2;124;126;146m𜺠[38;2;124;127;146;48;2;137;138;161m𜴍[38;2;141;141;166;48;2;140;141;165m▏[0m[7m[38;2;140;141;165m⠀[0m[38;2;141;141;166;48;2;140;141;165m▕[38;2;125;128;147;48;2;137;138;161m𜴡[38;2;128;130;150;48;2;121;121;143m🬼[38;2;124;127;146;48;2;120;120;142m🭣[38;2;133;135;156;48;2;122;124;144m🮂[48;2;122;123;144m𜺨[38;2;126;129;149;48;2;121;122;143m🬽[38;2;138;140;163;48;2;126;129;148m🭊[38;2;141;142;166;48;2;140;141;165m⠇[0m[7m[38;2;140;141;165m⠀⠀[0m[38;2;126;129;149;48;2;139;140;164m🬞[38;2;124;128;146;48;2;139;140;163m🬭[38;2;124;124;144;48;2;139;139;161m▄[38;2;139;139;161;48;2;128;127;146m🭘[38;2;123;126;145;48;2;129;128;146m🮇[38;2;122;120;135;48;2;123;124;144m╸[38;2;134;130;148;48;2;118;116;130m🭄[38;2;139;139;161;48;2;135;132;150m𜶤[38;2;138;135;153;48;2;134;129;144m𜵈[38;2;117;116;131;48;2;121;120;140m𜵲[38;2;124;112;119;48;2;115;115;130m🬭[38;2;122;120;141;48;2;130;118;128m🭗[38;2;128;117;127;48;2;132;124;137m🭑[38;2;134;128;142;48;2;124;116;127m╸[38;2;113;109;124;48;2;130;120;131m🭠[38;2;116;112;125;48;2;134;128;144m𜴂[38;2;127;116;126;48;2;136;129;143m𜴅[38;2;136;128;142;48;2;130;120;130m🭯[38;2;128;114;122;48;2;120;106;111m🭀[38;2;126;113;121;48;2;115;105;113m🬁[38;2;134;126;139;48;2;130;117;126m🭢[38;2;138;134;152;48;2;136;130;145m▮[38;2;139;138;159;48;2;137;131;146m𜺠[38;2;139;140;163m▂[38;2;137;133;149;48;2;139;139;161m🭍[38;2;138;134;152m𜵕[38;2;136;129;142;48;2;128;119;131m▍[38;2;120;117;136;48;2;120;113;125m▂[38;2;135;128;142;48;2;118;113;126m🭈[38;2;135;129;144;48;2;117;113;126m▄[38;2;135;130;147;48;2;117;112;126m𜶻[38;2;126;118;132;48;2;111;106;118m▂[38;2;116;114;129;48;2;108;106;120m🬏[38;2;105;102;115;48;2;110;107;123m🭭[38;2;119;118;137;48;2;116;113;126m🬦[38;2;118;116;132;48;2;114;112;126m↓[0m[7m[38;2;110;107;123m⠀[0m[38;2;110;107;123;48;2;111;110;125m🭝[38;2;117;118;138;48;2;110;108;123m𜺠[38;2;118;118;138;48;2;110;107;123m𜺣[38;2;110;108;124m˙[48;2;119;120;140m🭏[38;2;111;111;126;48;2;127;127;145m𜶻[38;2;120;120;139;48;2;136;131;148m🬼[38;2;138;137;159;48;2;134;130;147m🮇[38;2;140;141;165;48;2;140;140;164m˙[0m[7m[38;2;140;141;165m⠀⠀[0m[38;2;140;141;166;48;2;140;141;165m˙[38;2;137;132;148;48;2;140;141;164m🮈[38;2;127;126;144;48;2;120;121;142m▎[38;2;133;130;146;48;2;122;123;144m𜴡[38;2;128;129;148;48;2;139;140;163m🬼[38;2;124;125;146;48;2;140;141;165m▂[38;2;117;118;136;48;2;138;138;161m▂[38;2;135;133;154;48;2;115;115;133m🬆[38;2;119;120;140;48;2;112;112;127m▘[38;2;117;117;137;48;2;110;107;123m▂[38;2;112;112;128m▁[38;2;111;112;126m🬁[38;2;111;111;126m▂[38;2;111;113;127m𜷋[38;2;111;114;127;48;2;110;108;124m🭄[38;2;118;119;139;48;2;113;114;129m𜴀[38;2;111;109;125;48;2;111;113;127m🭢[38;2;111;110;125;48;2;112;114;127m🭗[0m
[38;2;114;116;132;48;2;120;120;141m¯[38;2;121;121;143;48;2;124;126;146m𜴅[38;2;124;127;146;48;2;120;121;142m🬏[38;2;120;121;142;48;2;124;128;146m΄[38;2;120;120;142;48;2;124;127;146m🬁🭘[38;2;123;124;145;48;2;125;128;147m΄[38;2;121;122;143;48;2;125;128;146m𜺫[38;2;137;139;162;48;2;124;126;146m🬭[38;2;130;132;153;48;2;140;141;165m🭗[38;2;141;142;166m΄[0m[7m[38;2;140;141;165m⠀⠀⠀[0m[38;2;134;136;157;48;2;140;141;165m🭢[38;2;126;128;148;48;2;139;140;164m🬂[38;2;134;136;157;48;2;123;126;145m🬼[38;2;123;125;145;48;2;125;128;147m🬟[38;2;124;127;146;48;2;121;122;143m𜴂[38;2;129;131;151;48;2;139;140;164m▎[38;2;141;142;166;48;2;140;141;165m˙[0m[7m[38;2;140;141;165m⠀[0m[38;2;140;141;165;48;2;139;140;164m˙[38;2;125;129;148;48;2;138;139;162m🭊[38;2;128;131;151;48;2;122;124;144m🭗[38;2;136;137;160;48;2;123;125;145m🭈[38;2;140;141;165;48;2;125;128;147m🬭[38;2;139;137;158;48;2;127;128;146m🬼[38;2;133;130;146;48;2;125;125;145m𜴺[38;2;130;127;144;48;2;121;122;143m🮇[38;2;137;132;148;48;2;139;138;158m𜶿[38;2;138;135;152;48;2;139;139;162m𜵲[38;2;139;137;158;48;2;133;125;138m🭛[38;2;121;119;138;48;2;126;117;129m🭜[38;2;124;108;113;48;2;119;113;124m⠂[38;2;123;109;115;48;2;122;115;126m𜷋[38;2;124;110;116;48;2;123;115;126m🮂[38;2;135;126;140;48;2;127;114;122m▄[38;2;136;130;145;48;2;131;121;132m𜶽[38;2;129;116;126;48;2;135;128;142m𜴉[38;2;132;122;133;48;2;137;131;146m𜺣[38;2;139;137;158m_[38;2;137;130;145;48;2;131;120;131m🭏[38;2;126;113;121;48;2;132;121;132m𜴓[38;2;135;127;140;48;2;128;117;127m🬽[38;2;136;129;143;48;2;130;119;129m🭣[38;2;131;123;135;48;2;138;138;160m🭏[38;2;136;130;144;48;2;139;139;162m▄[38;2;132;121;132;48;2;138;136;156m▂[38;2;138;135;154;48;2;128;119;131m🭘[38;2;133;124;136;48;2;125;116;127m𜺠[38;2;135;129;145;48;2;123;119;135m𜷓[38;2;135;127;141;48;2;139;137;157m🭘[38;2;139;140;163;48;2;137;133;150m🭷[38;2;139;139;162;48;2;137;132;148m🬽[38;2;138;136;155;48;2;136;130;145m▲[38;2;118;115;129;48;2;130;127;144m🬉[38;2;116;116;133;48;2;108;106;120m🬿[38;2;112;109;126;48;2;110;107;123m⠈[38;2;117;113;125m𜺨[38;2;103;100;111;48;2;109;106;121m𜶖🬿[38;2;111;111;126;48;2;119;119;140m▌[38;2;125;126;145;48;2;117;115;131m🭍[38;2;121;122;143;48;2;112;112;128m▖[38;2;111;113;127;48;2;110;108;124m🭷[38;2;111;110;125;48;2;110;107;123m𜺠[38;2;118;119;138;48;2;111;111;126m𜺫[38;2;120;121;142;48;2;112;113;127m🭣[38;2;135;134;154;48;2;118;119;138m🭣[38;2;138;138;160;48;2;124;124;144m🭕[38;2;141;142;167;48;2;140;141;165m⡀[0m[7m[38;2;140;141;165m⠀[0m[38;2;137;133;151;48;2;139;141;164m𜴡[38;2;137;137;158;48;2;123;124;144m🬭[38;2;124;127;146;48;2;121;122;143m🬔[38;2;129;129;147;48;2;120;120;142m🭘[38;2;120;120;141;48;2;113;114;129m🭠[38;2;117;118;136;48;2;112;114;129m𜴘[38;2;112;113;128;48;2;119;120;141m🬂[38;2;118;118;138;48;2;129;128;146m🬂[38;2;134;130;146;48;2;122;124;144m🬓[38;2;114;115;131;48;2;121;121;143m🬁[38;2;121;123;141;48;2;111;111;126m🬼[38;2;110;108;124;48;2;110;107;123m▔[38;2;110;107;123;48;2;111;113;127m𜵈[38;2;113;115;130;48;2;112;114;128m▁▁▁[38;2;112;114;129m▁[0m
[38;2;114;116;131;48;2;124;127;145m𜴀[38;2;125;129;147;48;2;125;128;147m΄[38;2;124;126;146;48;2;124;128;146m´[38;2;121;121;143;48;2;124;127;146m🭋[38;2;120;120;142m𜵈[38;2;120;121;142;48;2;124;126;145m𜴫[38;2;136;137;160;48;2;126;129;148m🭋[48;2;140;141;165m▔[38;2;137;139;162m΄[0m[7m[38;2;140;141;165m⠀⠀⠀⠀⠀⠀⠀[0m[38;2;138;139;162;48;2;140;141;165m▔[38;2;139;140;163;48;2;126;128;148m🭬[38;2;123;125;145;48;2;120;120;142m▕[38;2;123;125;146;48;2;137;138;161m🬭[38;2;126;129;148;48;2;138;140;163m🭈[38;2;123;125;145;48;2;137;139;162m🭄[38;2;125;128;147;48;2;120;121;142m🭚[38;2;123;126;145;48;2;121;121;143m🮇[38;2;137;139;162;48;2;125;128;147m🬞[38;2;129;131;151;48;2;139;140;164m╸[0m[7m[38;2;140;141;165m⠀[0m[38;2;140;138;160;48;2;140;141;165m⠈[38;2;137;133;150;48;2;140;141;164m🭤[38;2;133;130;148;48;2;124;122;140m𜵈[38;2;138;135;154;48;2;133;127;141m🬉[38;2;139;140;164;48;2;139;136;155m🭟[38;2;137;135;156;48;2;128;125;141m𜴺[38;2;129;118;129;48;2;122;121;141m𜴂[38;2;123;114;124;48;2;127;120;135m𜵳[38;2;124;113;121;48;2;125;116;127m🮀[38;2;135;127;140;48;2;130;119;130m🬦[38;2;136;130;145;48;2;130;119;129m🭑[38;2;131;119;130;48;2;135;128;142m🬌[38;2;135;129;143;48;2;137;131;146m⠈[38;2;133;124;136;48;2;136;130;144m╸[38;2;138;135;154m🮂[38;2;136;129;143;48;2;136;130;145m⡀[38;2;134;126;139m𜴃[38;2;133;123;135m𜺫[38;2;131;120;130;48;2;135;128;142m𜵳[38;2;132;123;134;48;2;130;118;128m╸[38;2;122;113;123;48;2;127;117;127m🬍[38;2;125;121;138;48;2;128;115;124m🭋[38;2;135;130;146;48;2;139;137;156m🭠[38;2;139;140;164;48;2;137;133;149m🬿[38;2;139;137;157;48;2;137;131;147m🭤[38;2;139;140;163;48;2;137;131;146m🭜[38;2;137;132;149;48;2;139;138;159m🬩[38;2;138;137;157;48;2;135;132;149m𜴁[38;2;132;125;139;48;2;133;129;145m¹[38;2;129;129;146;48;2;136;130;146m╶[38;2;129;127;145;48;2;121;118;131m🭍[38;2;115;113;127;48;2;119;118;137m🬉[38;2;115;114;133;48;2;110;108;124m⡀[38;2;107;104;117;48;2;103;100;110m▎[38;2;108;105;120m🮇[38;2;121;121;142;48;2;114;113;127m🮈[38;2;126;128;146;48;2;134;130;146m🬼[38;2;121;123;142;48;2;113;112;128m▌[38;2;113;115;130;48;2;111;112;126m🭇[38;2;118;118;138;48;2;111;110;125m🭊[38;2;113;114;129;48;2;123;125;145m🮂[38;2;113;115;130m🮂[38;2;115;115;132;48;2;110;109;125m🭽[38;2;119;119;140;48;2;113;115;130m🬉[38;2;137;134;153;48;2;123;124;143m🭥[38;2;126;127;146;48;2;139;139;162m🬏[38;2;140;142;167;48;2;140;141;165m⡀[38;2;139;137;157m🭢[38;2;136;136;157;48;2;124;125;144m🭀[38;2;112;112;127;48;2;119;119;141m🭈[38;2;118;118;138;48;2;113;115;130m🬣[38;2;129;131;152;48;2;115;117;134m▂[38;2;135;136;158;48;2;122;123;142m▂[38;2;137;137;158;48;2;136;131;147m𜴆[38;2;135;131;146;48;2;136;131;146m˙[38;2;126;128;146;48;2;136;130;146m🬉[38;2;138;136;156;48;2;124;127;146m🬭[38;2;134;134;155;48;2;119;119;139m🬾[38;2;113;114;130;48;2;120;120;142m𜺨[38;2;118;119;138m▔▔▔[38;2;114;115;131;48;2;120;120;141m𜺫[0m
[38;2;123;125;145;48;2;120;120;142m▔🮂[38;2;120;120;142;48;2;125;127;146m𜶿[38;2;123;125;145;48;2;120;120;142m🭛[38;2;120;120;142;48;2;124;128;146m▌[38;2;125;129;147;48;2;125;128;147m⠁[38;2;125;128;147;48;2;138;140;163m▌[0m[7m[38;2;140;141;165m⠀⠀⠀⠀⠀⠀⠀⠀⠀[0m[38;2;128;131;151;48;2;138;139;163m🭋[38;2;121;121;143;48;2;124;128;146m𜶖[48;2;120;120;142m΄[38;2;120;120;142;48;2;124;126;146m🭍[38;2;124;127;146;48;2;121;122;143m𜷓[38;2;137;138;161;48;2;123;125;145m🭊[38;2;138;139;163;48;2;124;126;146m🬭[38;2;136;137;160;48;2;123;125;145m🬽[38;2;137;139;162;48;2;125;128;147m𜴡[48;2;139;140;164m¸[0m[7m[38;2;140;141;165m⠀[0m[38;2;140;140;164;48;2;139;137;156m🭝[38;2;140;141;165;48;2;130;129;147m🮂[38;2;137;134;153;48;2;126;125;144m𜵱[38;2;129;122;136;48;2;137;131;146m𜴅[38;2;124;127;146;48;2;133;129;145m╺[38;2;133;129;146;48;2;123;124;145m𜶬[38;2;122;121;141;48;2;130;118;129m🭙[38;2;122;120;139;48;2;129;118;128m⡀[38;2;120;119;139;48;2;127;117;128m⎺[38;2;132;127;143;48;2;129;116;125m𜴅[38;2;124;105;109;48;2;133;123;136m🬭[38;2;118;90;90;48;2;128;114;122m▂[38;2;109;79;78;48;2;127;112;118m🬭[38;2;96;63;60;48;2;125;107;113m🬭[38;2;97;63;60;48;2;130;117;125m▄[38;2;101;70;68;48;2;133;124;136m🭑[38;2;105;78;79;48;2;133;124;135m🬽[38;2;126;110;116;48;2;136;129;144m🬽[38;2;132;121;132;48;2;136;129;143m🬽[38;2;127;123;138;48;2;130;118;129m𜺫[38;2;127;111;117;48;2;129;117;128m🬞[38;2;132;125;138;48;2;129;117;126m🮈[38;2;139;140;162;48;2;136;131;146m𜴂[38;2;139;140;164;48;2;137;132;147m🭭[38;2;139;137;158;48;2;137;131;146m΄[38;2;139;139;160;48;2;138;133;151m▚[38;2;139;138;160m𜵢[38;2;139;137;158;48;2;137;132;149m𜴜[38;2;129;129;146;48;2;136;130;145m▝[38;2;134;130;146;48;2;137;131;146m▏[38;2;123;122;143;48;2;135;130;146m🮈[38;2;120;120;141;48;2;117;113;126m▌[38;2;110;107;123;48;2;109;107;122m˙[38;2;108;105;119;48;2;104;101;112m𜴧[38;2;109;105;120;48;2;103;100;111m🮇[38;2;118;119;139;48;2;110;109;124m▝[38;2;123;124;144;48;2;109;107;121m𜴂[38;2;115;117;135;48;2;110;107;123m𜺨[38;2;115;117;134;48;2;110;109;124m🭤[38;2;113;114;129;48;2;121;121;143m🬼[38;2;121;122;143;48;2;124;127;146m𜺨[38;2;120;121;143m🮇[38;2;122;124;144;48;2;113;114;129m▖[38;2;119;119;141;48;2;112;114;128m𜺫[38;2;117;118;136m▔[38;2;131;130;147;48;2;119;119;140m𜺫[38;2;139;139;162;48;2;121;121;143m🮂[38;2;136;137;159;48;2;118;119;138m🬂[38;2;125;125;145;48;2;113;114;130m🬂[38;2;114;116;133;48;2;111;112;127m🭉[38;2;115;116;133;48;2;122;124;144m🭗[38;2;139;139;162;48;2;134;130;146m𜺫[38;2;140;137;157;48;2;137;131;145m▔[38;2;128;128;146;48;2;137;131;146m𜺫[38;2;139;137;158m🭈[38;2;137;132;148;48;2;139;140;164m🬂[38;2;137;132;147m🭗[38;2;130;131;151;48;2;140;140;164m🭢[38;2;123;125;145;48;2;139;140;164m🮂[38;2;138;139;161;48;2;124;125;145m🭑[38;2;120;119;142;48;2;120;121;142m·[0m[7m[38;2;120;120;142m⠀⠀[0m
[7m[38;2;120;120;142m⠀[0m[38;2;120;120;142;48;2;124;126;146m𜵇[38;2;124;126;146;48;2;130;133;153m🭝[38;2;122;124;144;48;2;134;136;158m𜴌[38;2;140;141;165;48;2;125;127;147m🬓[48;2;124;127;146m [38;2;139;140;164;48;2;129;131;152m🭅[0m[7m[38;2;140;141;165m⠀⠀⠀⠀⠀⠀⠀⠀⠀[0m[38;2;128;130;150;48;2;140;141;165m🭢[38;2;124;127;146;48;2;133;136;157m🭔[38;2;131;133;155;48;2;123;125;145m🭉[38;2;123;125;145;48;2;138;139;163m🮂[38;2;130;133;153;48;2;123;125;145m🬾[38;2;138;140;163;48;2;126;128;148m🭥[38;2;140;141;165;48;2;139;140;164m˙[38;2;129;132;152;48;2;140;141;165m🭉[38;2;124;127;146;48;2;130;132;153m🭃[38;2;137;138;161;48;2;126;129;148m🭢[38;2;138;139;162;48;2;125;127;147m🬂[38;2;138;138;159;48;2;126;126;145m🬂[38;2;138;139;162;48;2;131;130;148m🭊[38;2;132;129;146;48;2;139;140;163m🬂[38;2;140;140;164;48;2;137;131;146m▄[38;2;131;128;144;48;2;139;139;162m𜴅[38;2;131;125;140;48;2;129;116;124m▌[38;2;129;115;124;48;2;130;118;128m🭬[38;2;125;110;115;48;2;129;117;127m🭮[38;2;119;95;97;48;2;123;108;113m▄[38;2;94;62;60;48;2;121;97;99m▄[38;2;74;42;34;48;2;112;81;80m▄[38;2;75;40;32;48;2;105;70;67m🬭[38;2;69;36;27;48;2;90;57;53m🬭[38;2;63;31;21;48;2;76;40;30m▂[38;2;81;48;43;48;2;74;38;27m🭤[38;2;74;38;28;48;2;84;51;47m🭑[38;2;103;74;74;48;2;85;53;50m⠈[38;2;113;83;82;48;2;87;55;52m🭣[38;2;124;104;108;48;2;96;65;63m𜴅[38;2;111;84;84;48;2;129;116;125m𜶻[38;2;128;115;123;48;2;131;121;133m🭼[38;2;124;109;113;48;2;128;116;125m=[38;2;136;130;145;48;2;128;117;126m𜴡[38;2;129;117;126;48;2;136;130;144m𜷋[38;2;129;118;129;48;2;136;130;145m𜶻[38;2;138;135;153;48;2;136;130;146m┗[38;2;140;141;164;48;2;137;131;146m🭇[38;2;139;139;161;48;2;137;132;148m▖[38;2;137;131;146;48;2;139;137;157m🭔[0m[7m[38;2;137;131;146m⠀[0m[38;2;122;122;142;48;2;134;130;146m🮈[38;2;113;109;125;48;2;120;120;140m🭈[38;2;105;102;114;48;2;110;107;123m🭢[38;2;103;100;111;48;2;109;106;122m𜴂[38;2;104;101;112;48;2;109;106;121m╻[48;2;110;107;123m [38;2;119;118;137;48;2;112;109;123m🭅[38;2;113;111;129;48;2;122;123;144m🭣[38;2;110;108;124;48;2;117;117;136m🭕[38;2;117;116;136;48;2;110;108;124m🭦[38;2;114;115;131;48;2;127;127;145m▂[38;2;114;116;131;48;2;126;125;145m𜷓[38;2;118;119;137;48;2;111;110;125m🭗[38;2;115;116;134;48;2;111;111;126m🭋[38;2;114;116;131;48;2;133;129;146m🬂[38;2;114;116;132;48;2;128;127;145m🬂[0m[7m[38;2;120;120;142m⠀[0m[38;2;119;119;140;48;2;113;114;129m𜶬[38;2;111;113;127;48;2;110;108;123m🬂[38;2;113;114;130;48;2;110;109;124m🬁[38;2;122;124;145;48;2;114;116;133m🭖[38;2;139;139;162;48;2;134;130;146m𜶖[38;2;137;132;149;48;2;140;141;165m🬂[38;2;137;131;146;48;2;139;140;163m🮂[38;2;141;143;168;48;2;140;141;165m˙[0m[7m[38;2;140;141;165m⠀⠀⠀⠀[0m[38;2;137;136;157;48;2;140;141;165m𜵸[38;2;131;132;152;48;2;124;127;146m▎[38;2;120;120;142m🮂[38;2;124;127;146;48;2;120;120;142m▄[0m
[38;2;123;125;145;48;2;120;120;142m🭿[38;2;136;138;161;48;2;125;128;147m▂[38;2;138;140;163;48;2;126;129;149m▄[38;2;141;142;166;48;2;140;141;165m⠇[38;2;126;129;148;48;2;139;140;164m𜴡[38;2;135;137;159;48;2;124;127;146m🬼[38;2;126;129;148;48;2;138;139;162m▂[38;2;139;140;164;48;2;127;130;150m🭕[38;2;137;139;162;48;2;140;141;165m▁[0m[7m[38;2;140;141;165m⠀⠀⠀⠀⠀[0m[38;2;140;141;165;48;2;130;132;153m🭝[38;2;127;130;149;48;2;139;140;164m🭇[38;2;139;140;164;48;2;126;129;148m🭜[38;2;132;134;155;48;2;125;128;147m🭗[38;2;138;139;163m🭃[38;2;141;142;166;48;2;140;141;165m΄[38;2;126;128;148;48;2;139;140;163m🬁[38;2;139;140;163;48;2;124;127;146m▂[38;2;125;127;147;48;2;135;136;159m🬩[38;2;137;139;162;48;2;123;125;145m΄[38;2;131;133;154;48;2;139;140;164m🭽[38;2;141;142;166;48;2;140;141;165m🮂[38;2;128;131;151m🬁[38;2;139;139;161;48;2;125;125;144m𜵡[38;2;133;134;154;48;2;139;140;164m▎[0m[7m[38;2;140;141;165m⠀⠀[0m[38;2;139;138;160;48;2;140;141;165m🭤[38;2;136;130;145;48;2;139;138;159m🭔[38;2;132;129;145;48;2;129;119;130m▌[38;2;129;116;126;48;2;124;109;114m🭚[38;2;116;84;82;48;2;122;100;103m𜷓[38;2;108;74;72;48;2;83;49;43m🭚[38;2;81;47;40;48;2;65;33;22m🭗[38;2;72;37;25;48;2;57;27;18m𜴘[38;2;65;32;22;48;2;56;27;18m𜴉[38;2;71;37;27;48;2;59;29;19m𜵸[38;2;74;38;28;48;2;63;31;21m𜶷[38;2;80;46;39;48;2;61;30;20m🭈[38;2;78;49;44;48;2;70;39;29m𜶭[38;2;76;47;43;48;2;66;40;33m𜴸[38;2;76;41;30;48;2;86;53;49m🭍[38;2;102;74;74;48;2;80;52;47m🭣[38;2;100;87;91;48;2;127;115;123m𜵈[38;2;134;126;139;48;2;138;134;152m𜵳[38;2;135;127;140;48;2;125;113;121m🬿[38;2;129;114;122;48;2;119;107;115m🬼[38;2;112;105;114;48;2;118;113;125m🭍[38;2;115;109;121;48;2;128;118;129m𜶿[38;2;128;117;128;48;2;137;133;151m🬽[38;2;131;121;132;48;2;137;132;149m𜺣[0m[7m[38;2;137;131;146m⠀[0m[38;2;125;125;144;48;2;135;130;146m🭈[38;2;113;110;125;48;2;122;122;141m🭅[38;2;113;111;125;48;2;110;107;123m🭣[38;2;112;109;124;48;2;107;104;117m𜷂[38;2;109;106;120;48;2;103;100;111m𜴂[38;2;109;106;122;48;2;105;102;113m𜶖[38;2;114;116;131;48;2;110;108;123m🮇[38;2;120;122;142;48;2;131;129;146m🭽[38;2;126;128;147;48;2;135;130;146m🬂[38;2;133;129;146;48;2;122;124;144m🭏[38;2;111;111;126;48;2;117;117;137m🭖[38;2;116;117;136;48;2;110;109;125m🭈[38;2;121;123;143;48;2;111;111;126m🬭[38;2;118;119;138;48;2;111;110;125m🬽[38;2;114;115;131;48;2;111;111;125m🭢[38;2;130;128;146;48;2;116;118;135m🬉[38;2;124;124;144;48;2;111;111;126m🭚[38;2;117;118;136;48;2;111;110;125m🭾[38;2;129;129;146;48;2;120;120;142m🬭[38;2;122;122;143;48;2;113;114;130m𜶿[38;2;114;116;133;48;2;111;109;125m🮇[38;2;113;115;130;48;2;121;122;143m΄[38;2;134;131;147;48;2;140;140;163m▌[0m[7m[38;2;140;141;165m⠀⠀⠀⠀⠀⠀⠀[0m[38;2;141;142;166;48;2;140;141;165m🭵[38;2;138;139;163;48;2;127;129;149m▂[0m[7m[38;2;125;128;147m⠀[0m[38;2;136;138;161;48;2;125;128;147m▂[0m
[38;2;132;134;156;48;2;123;125;145m🭢[38;2;124;126;146;48;2;138;140;163m▄[38;2;139;140;164;48;2;123;124;145m🬂[38;2;139;141;165;48;2;123;125;145m🬂[38;2;139;140;165;48;2;124;126;146m🬂[38;2;136;137;160m🬂[38;2;120;120;142;48;2;124;127;146m🭺[38;2;123;125;145;48;2;124;126;146m⠐[38;2;135;137;159m🭢[38;2;129;132;152;48;2;139;140;164m🬼[38;2;140;141;164;48;2;139;141;164m¸[0m[7m[38;2;140;141;165m⠀[0m[38;2;0;0;0;48;2;140;141;165m [38;2;126;128;148;48;2;139;140;163m🬞[38;2;139;140;164;48;2;125;127;147m΄[38;2;126;129;148;48;2;124;127;146m˙[48;2;124;128;146m⢀[38;2;122;123;144;48;2;124;127;146m_[38;2;123;125;145;48;2;134;136;158m🭍[38;2;120;121;141;48;2;137;138;161m▄[38;2;123;124;145;48;2;139;140;164m🬭[38;2;124;125;146;48;2;139;141;164m🬭[38;2;136;137;160;48;2;123;124;144m𜴍[38;2;124;126;146;48;2;120;121;142m🮇[38;2;132;134;155;48;2;140;141;165m▎[0m[7m[38;2;140;141;165m⠀⠀[0m[38;2;135;136;157;48;2;139;140;163m⠈[38;2;133;133;152;48;2;138;139;162m🬓[0m[7m[38;2;140;141;165m⠀[0m[38;2;140;140;164;48;2;140;141;165m˛[38;2;138;135;154;48;2;139;140;164m╺[38;2;139;136;156;48;2;135;130;146m🭬[38;2;129;116;125;48;2;132;127;142m🮈[38;2;121;98;101;48;2;125;107;111m🭢[38;2;120;95;97;48;2;115;81;79m🭬[38;2;87;54;50;48;2;108;74;71m🭥[38;2;78;45;37;48;2;105;70;67m🬂[38;2;77;44;36;48;2;110;77;74m🬂[38;2;72;41;34;48;2;110;79;77m🬂[38;2;87;53;48;48;2;116;86;86m🬂[38;2;88;57;53;48;2;115;86;86m🮂[38;2;97;63;61;48;2;117;86;85m🮂[38;2;101;67;64;48;2;117;89;90m🮂[38;2;90;57;54;48;2;113;83;83m🭣[38;2;101;69;66;48;2;76;43;34m🬿[38;2;78;51;48;48;2;74;38;28m🭤[38;2;92;71;71;48;2;123;107;112m▌[38;2;137;131;146;48;2;133;124;137m🭔[38;2;135;127;140;48;2;137;131;146m🭢[38;2;134;129;145;48;2;123;116;129m🭑[38;2;124;118;131;48;2;117;107;115m🭑[38;2;123;117;132;48;2;113;106;116m🬽[38;2;122;118;133;48;2;114;110;122m▝[38;2;111;108;121;48;2;123;120;138m▄[38;2;126;124;143;48;2;108;106;119m🬂[38;2;107;104;117;48;2;120;117;133m🭂[48;2;110;107;122m𜴻[38;2;121;121;139;48;2;114;112;126m🬦[48;2;116;112;126m🬓[38;2;106;103;116;48;2;103;100;109m▎[38;2;107;104;116;48;2;103;100;110m⠈[38;2;116;115;128;48;2;106;103;115m🮈[38;2;123;126;144;48;2;135;130;146m▎[38;2;138;135;154;48;2;137;131;147m⢀[38;2;128;126;145;48;2;137;131;146m🭋[38;2;115;116;134;48;2;119;120;140m𜴻[38;2;136;133;150;48;2;122;122;143m𜷓[38;2;124;126;145;48;2;136;131;147m▔[38;2;121;122;143;48;2;133;130;146m🭥[38;2;128;126;144;48;2;114;116;132m𜶿[38;2;114;116;132;48;2;110;110;125m▖[38;2;127;126;145;48;2;111;111;126m🬞[38;2;117;118;135;48;2;137;133;152m🭚[38;2;126;128;146;48;2;135;130;146m▘[38;2;121;123;144;48;2;132;129;146m𜴡[38;2;121;120;140;48;2;113;114;130m🬼[38;2;116;116;134;48;2;121;121;143m🬼[38;2;140;140;163;48;2;130;128;146m𜴡[38;2;130;131;149;48;2;139;140;164m𜺣[0m[7m[38;2;140;141;165m⠀⠀⠀⠀⠀[0m[38;2;130;133;154;48;2;140;141;165m𜺠[38;2;140;141;165;48;2;132;134;156m🭝[38;2;126;129;149;48;2;139;140;163m𜷓[38;2;137;139;161;48;2;124;126;145m▂[38;2;130;132;153;48;2;139;140;164m🭬[0m
[38;2;114;116;131;48;2;123;125;145m🬄[38;2;136;137;160;48;2;124;127;146m🬞[38;2;136;138;160;48;2;124;126;146m▂[38;2;139;140;164;48;2;128;130;151m𜷓[38;2;125;128;147;48;2;138;139;163m🭕[38;2;135;137;159;48;2;123;125;145m▂[48;2;121;122;143m▂[38;2;136;138;161;48;2;122;124;144m🭊[38;2;139;140;164;48;2;124;126;146m🬭[38;2;122;123;144;48;2;125;128;147m🬟[38;2;139;141;164;48;2;127;130;149m🭥[38;2;130;132;153;48;2;139;140;164m🬼[38;2;135;137;159;48;2;124;126;146m𜵷[38;2;134;136;158;48;2;123;124;145m΄[38;2;135;137;159;48;2;121;122;143m▂[38;2;134;136;158;48;2;122;122;143m🬭[38;2;124;127;146;48;2;120;120;142m🬽[38;2;126;128;148;48;2;120;121;142m🭈[38;2;139;140;163;48;2;120;120;142m🬭[38;2;136;138;161;48;2;121;122;143m🬭[38;2;125;127;147;48;2;118;118;138m🭑[38;2;123;125;145m🭃[38;2;114;116;132;48;2;121;122;143m𜺨[38;2;125;128;147;48;2;120;120;142m▁[38;2;137;138;161;48;2;122;123;144m▝[38;2;128;130;151;48;2;139;140;164m🬽[48;2;140;141;165m [38;2;140;140;164m⠈[38;2;129;131;150;48;2;139;140;163m𜶖[38;2;136;132;149;48;2;139;140;164m🬿[38;2;138;134;152;48;2;139;140;163m▁[38;2;139;136;154;48;2;139;140;164m▕[38;2;123;125;146;48;2;134;130;146m🭦[38;2;126;121;137;48;2;130;117;127m▎[38;2;124;105;108;48;2;115;85;84m▌[38;2;95;62;60;48;2;103;73;72m🬩[38;2;100;69;67;48;2;111;78;75m🭬[38;2;107;76;75;48;2;113;79;76m*[38;2;103;74;75;48;2;114;80;77m▁[38;2;115;81;78;48;2;117;88;89m🭍𜷖[38;2;117;91;92;48;2;116;83;82m𜴁[38;2;115;80;77;48;2;117;89;89m𜶤[38;2;115;83;81;48;2;118;92;94m𜶿[38;2;115;81;78;48;2;117;91;93m▁[38;2;95;62;60;48;2;109;77;75m🭤[38;2;92;59;55;48;2;79;46;39m🭀[38;2;121;108;116;48;2;82;64;63m🮈[38;2;138;132;148;48;2;137;131;146m▌[38;2;132;121;132m𜺫[38;2;133;124;137;48;2;136;130;145m𜺨[38;2;132;121;132;48;2;136;130;144m𜴷[38;2;134;130;146;48;2;123;120;136m𜶿[38;2;109;106;119;48;2;115;111;126m🬅[38;2;109;106;121;48;2;122;117;129m🭜[38;2;119;113;125;48;2;132;129;144m🭜[38;2;111;107;120;48;2;126;122;137m𜴅[38;2;122;118;132;48;2;107;104;117m🬿[38;2;110;107;122;48;2;103;101;111m𜴸[38;2;111;108;122;48;2;104;102;113m𜵳[38;2;108;104;119;48;2;103;100;111m¸[38;2;102;100;109;48;2;103;100;110m🭵[38;2;107;103;116;48;2;112;113;128m▌[38;2;122;126;144;48;2;131;130;147m▎[0m[7m[38;2;137;131;146m⠀[0m[38;2;132;129;146;48;2;118;119;139m▌[38;2;123;125;144;48;2;113;115;131m🮈[38;2;137;137;158;48;2;136;131;146m𜺨[38;2;139;137;157;48;2;137;131;146m_[38;2;128;128;146;48;2;136;130;146m🬢[38;2;124;123;144;48;2;115;115;133m🭜[38;2;115;116;134;48;2;110;110;125m𜴂[38;2;120;121;142;48;2;111;111;126m𜴅[38;2;112;110;128;48;2;129;128;146m▄[38;2;122;123;144;48;2;111;110;126m🬂[38;2;123;124;144;48;2;111;111;126m🬂[38;2;120;120;141;48;2;112;114;128m🬀[38;2;114;115;131m´[38;2;119;119;140;48;2;112;114;129m🬂[38;2;128;130;150;48;2;118;120;138m🭣[38;2;129;130;148;48;2;139;140;163m🬿[38;2;140;141;165;48;2;140;141;164m˙[0m[7m[38;2;140;141;165m⠀⠀[0m[38;2;140;141;166;48;2;140;141;165mƎ[38;2;138;139;162;48;2;126;129;148m🭗[38;2;128;130;151;48;2;125;128;147m¯[38;2;133;135;156m𜺣[38;2;122;123;144;48;2;139;141;165m🬭[38;2;123;125;145;48;2;139;140;165m🬭[0m
[38;2;122;124;144;48;2;120;120;142m🭦[38;2;136;138;160;48;2;125;128;147m🭢[38;2;134;133;153;48;2;140;141;165m🬓[0m[7m[38;2;140;141;165m⠀[0m[38;2;141;142;166;48;2;140;141;165m⠈▔▔΄ [38;2;139;140;164;48;2;125;128;147m▍[38;2;120;120;142;48;2;123;124;144m🭃[38;2;126;129;148;48;2;121;122;143m🭭[38;2;124;125;146;48;2;136;138;160m▌[38;2;134;136;157;48;2;140;141;165m¯[38;2;142;142;167m⠁[38;2;140;141;166m˙[38;2;134;136;158m▔▔[38;2;139;140;164m΄[38;2;141;142;166m˛[38;2;136;138;161;48;2;125;127;147m▌[38;2;124;126;146;48;2;121;121;143m▎[38;2;125;125;145;48;2;137;134;152m▌[38;2;138;137;158;48;2;132;129;146m🬀[38;2;114;115;131;48;2;120;121;142m𜶐[38;2;130;130;150;48;2;119;120;141m🭤[38;2;126;125;144;48;2;139;138;159m🭑[38;2;137;131;145;48;2;139;140;163m▗[38;2;139;138;158;48;2;129;128;145m▘[38;2;127;123;139;48;2;138;135;154m🭏[38;2;134;131;148;48;2;139;140;163m🭑[38;2;133;131;149m▂[38;2;135;128;142;48;2;130;117;127m🭠[38;2;122;113;123;48;2;129;117;127m🭤[38;2;121;97;100;48;2;125;107;110m𜴡[38;2;118;89;89;48;2;107;76;76m🭀[38;2;104;72;70;48;2;114;80;78m🮇[38;2;85;53;49;48;2;98;65;62m🬦[38;2;99;65;62;48;2;82;51;46m🬂[38;2;111;77;74;48;2;92;58;56m🬂[38;2;100;65;62;48;2;109;76;74m𜴉[38;2;113;79;77;48;2;102;71;69m🬂[38;2;95;60;57;48;2;114;80;77m▄[38;2;100;66;63;48;2;112;78;76m🬿[38;2;111;79;77;48;2;114;80;77m⡀[38;2;106;76;76;48;2;115;84;83m🮈[38;2;93;66;65;48;2;79;60;59m▍[38;2;122;110;119;48;2;90;72;72m🭅[38;2;130;129;147;48;2;137;131;146m⢀[38;2;131;121;132;48;2;135;130;145m𜶖[38;2;134;126;138;48;2;127;117;129m🭗[38;2;130;121;135;48;2;119;108;117m🭜[38;2;128;119;130;48;2;114;107;119m🮂[38;2;117;112;126;48;2;114;109;121m𜴠[38;2;130;122;135;48;2;121;117;134m🭤[38;2;128;118;129;48;2;136;131;148m🬭[38;2;126;126;144;48;2;137;131;146m▁[38;2;132;129;146;48;2;123;124;144m▍[38;2;111;108;122;48;2;120;118;135m🭥[38;2;116;112;127;48;2;106;103;116m🬽[38;2;108;105;120;48;2;103;100;111m𜺨[0m[7m[38;2;103;100;110m⠀[0m[38;2;106;103;116;48;2;114;112;126m▌[38;2;123;125;144;48;2;120;120;142m𜴊[38;2;120;118;135;48;2;128;125;144m🭊[38;2;122;123;143;48;2;114;111;126m🬄[38;2;115;115;131;48;2;131;128;144m▌[38;2;137;133;150;48;2;137;131;146m▕[38;2;137;131;146;48;2;139;139;160m🭄[38;2;119;120;140;48;2;128;128;146m🭊[38;2;115;116;133;48;2;120;120;142m🭢[38;2;123;123;143;48;2;113;114;130m𜶻[38;2;119;120;139;48;2;111;111;126m🬽[38;2;114;114;131;48;2;121;122;143m𜴸[48;2;128;129;149m🬂[38;2;113;112;129;48;2;128;129;147m🬂[38;2;130;130;149;48;2;117;118;137m𜶻[38;2;132;131;149;48;2;116;117;135m▄[38;2;122;123;142;48;2;139;139;161m🭜[38;2;139;139;162;48;2;121;121;142m🭑[38;2;138;137;158;48;2;125;126;146m🬽[38;2;139;138;160;48;2;125;126;145m🬂[38;2;132;133;152;48;2;139;140;164m🬽[38;2;140;140;163;48;2;129;130;149m🭚[38;2;138;135;153;48;2;126;129;148m΄[38;2;136;137;160;48;2;125;128;147m𜷋[38;2;138;139;162m▁▁[38;2;124;126;145;48;2;137;139;162m🬊[38;2;139;140;164;48;2;124;126;146m▄[0m
[38;2;120;120;142;48;2;120;119;142m˙[38;2;128;128;146;48;2;120;120;142m🭢[38;2;126;128;148;48;2;138;140;163m▍[0m[7m[38;2;140;141;165m⠀⠀⠀⠀[0m[38;2;133;135;156;48;2;139;140;164m+[48;2;140;141;165m𜵸[38;2;137;138;161;48;2;124;126;146m𜴍[38;2;116;117;136;48;2;120;120;142m🬞[38;2;120;120;142;48;2;119;119;141m˙[38;2;137;139;161;48;2;123;125;145m🮈[38;2;141;142;167;48;2;140;141;165m▏[0m[7m[38;2;140;141;165m⠀⠀⠀⠀⠀[0m[38;2;127;130;150;48;2;139;140;164m🮈[38;2;121;122;143;48;2;114;115;132m▍[38;2;121;123;142;48;2;112;114;129m🭖[38;2;123;126;145;48;2;134;134;155m𜶼[38;2;120;121;141;48;2;138;135;154m▄[38;2;116;115;130;48;2;129;128;146m🬭[38;2;121;123;141;48;2;109;108;122m🬄[38;2;111;108;119;48;2;119;120;139m▄[38;2;129;130;149;48;2;121;116;129m🮂[38;2;126;125;144;48;2;124;118;133m▚[38;2;130;120;130;48;2;134;130;145m▘[38;2;136;130;144;48;2;130;120;131m🬿[38;2;131;125;139;48;2;128;118;131m🮀[38;2;127;110;116;48;2;129;117;127m🭢[38;2;125;108;111;48;2;129;117;126m🭇[38;2;129;116;125;48;2;125;107;110m🭗[38;2;109;79;79;48;2;123;102;105m▝[38;2;121;96;98;48;2;111;77;74m🬓[38;2;92;58;55;48;2;99;66;63m▝[38;2;89;56;54;48;2;99;65;61m𜴂[38;2;104;74;74;48;2;98;65;62m▗[38;2;110;76;74;48;2;117;88;88m▍[38;2;117;90;91;48;2;115;84;83m𜶠[38;2;99;65;62;48;2;116;89;91m🬂[38;2;105;70;66;48;2;117;89;90m🬂[38;2;100;87;89;48;2;113;85;85m🭇[38;2;104;84;86;48;2;114;84;83m🬑[38;2;107;82;82;48;2;95;70;69m🬭[38;2;110;90;93;48;2;122;112;121m▌[38;2;122;115;129;48;2;130;126;143m🭈[38;2;132;124;137;48;2;118;110;120m𜴂[38;2;126;115;125;48;2;114;107;117m🭗[38;2;123;111;119;48;2;111;107;121m𜷋[38;2;124;115;125;48;2;135;129;144m🭠[38;2;127;117;128;48;2;135;130;145m🬊[38;2;126;120;133;48;2;116;110;120m🬽[38;2;118;113;125;48;2;114;107;116m𜴅[38;2;131;128;145;48;2;121;116;129m𜴡[38;2;122;122;143;48;2;136;129;143m𜴅[38;2;133;123;135;48;2;129;127;145m🬞[38;2;127;124;141;48;2;119;113;127m𜴍[38;2;110;107;119;48;2;103;100;111m🬼[38;2;107;104;118;48;2;103;100;110m🭤[38;2;109;106;120;48;2;104;101;112m🬉[38;2;119;117;133;48;2;109;107;121m🮂[38;2;106;103;115;48;2;114;112;128m🭂[38;2;111;109;123;48;2;104;101;113m𜶮[38;2;109;105;118;48;2;122;121;138m𜶿[38;2;122;122;140;48;2;134;132;149m𜶻[38;2;119;118;135;48;2;132;132;152m🭃[38;2;116;114;126;48;2;120;120;141m▖[38;2;135;132;148;48;2;125;126;145m𜷓[38;2;137;135;154;48;2;139;139;162m🭽[38;2;127;128;147;48;2;116;117;136m▌[38;2;118;119;139;48;2;111;112;127m🭢[38;2;134;131;147;48;2;121;121;142m🭦[38;2;137;132;148;48;2;139;138;160m🬿[38;2;139;138;160;48;2;139;141;165m🭽[38;2;139;136;154;48;2;140;141;165m΄[38;2;140;141;166m΄[0m[7m[38;2;140;141;165m⠀[0m[38;2;141;142;167;48;2;140;141;165m˙[38;2;138;139;161;48;2;126;127;146m𜵈[38;2;125;125;143;48;2;120;121;142m▔[38;2;127;126;145;48;2;120;120;142m▔[38;2;128;131;151;48;2;138;139;162m▌[38;2;142;143;167;48;2;140;141;165m΄[38;2;141;142;167m▔[38;2;141;142;166m▔[0m[7m[38;2;140;141;165m⠀⠀[0m
[38;2;113;115;129;48;2;118;119;139m🭯[38;2;120;119;142;48;2;123;126;145m▌[38;2;139;140;164;48;2;127;129;149m𜴡[0m[7m[38;2;140;141;165m⠀[0m[38;2;136;138;160;48;2;140;141;165m˛[38;2;141;142;166m_ [0m[7m[38;2;140;141;165m⠀[0m[38;2;132;134;156;48;2;140;141;165m🭢[38;2;137;139;162;48;2;125;127;147m🬓[38;2;120;120;142;48;2;123;126;145m🭔[38;2;130;132;153;48;2;122;124;144m🭉[38;2;124;128;146;48;2;138;139;162m▘[38;2;140;141;166;48;2;140;141;165m▏[0m[7m[38;2;140;141;165m⠀[0m[38;2;140;141;165;48;2;137;139;161m🭝[38;2;138;139;163;48;2;139;140;164m¸[38;2;140;141;165m˙[38;2;126;129;148m▂[38;2;139;140;163;48;2;126;127;147m🬄[38;2;111;109;125;48;2;118;118;139m𜷍[38;2;116;115;134;48;2;109;106;120m🬁[38;2;117;118;137;48;2;111;109;124m🭗[38;2;114;112;126;48;2;111;107;120m🬐[38;2;111;108;122;48;2;113;104;112m▝[38;2;110;106;120;48;2;111;103;112m𜵱[38;2;112;104;112;48;2;111;106;119m𜶰[38;2;106;103;115;48;2;113;112;126m🬓[38;2;120;116;131;48;2;130;119;129m🭠[38;2;131;119;130;48;2;136;130;145m▂[38;2;139;136;156m🭇[38;2;138;136;155;48;2;134;126;140m𜵅[38;2;129;121;134;48;2;128;114;122m𜵈[38;2;125;108;112;48;2;125;115;124m𜴡[38;2;120;97;100;48;2;124;107;110m🮇[38;2;124;104;107;48;2;118;92;94m▔[38;2;112;81;80;48;2;118;92;93m🭦[38;2;105;72;70;48;2;100;67;64m▎[38;2;100;69;68;48;2;99;65;62m🬀[48;2;99;64;61m🬅[38;2;112;79;76;48;2;99;65;61m🬂[38;2;106;73;71;48;2;115;87;87m𜶻[38;2;109;76;73;48;2;112;89;91m🬭[38;2;107;77;75;48;2;118;90;92m🬽[38;2;100;74;74;48;2;115;91;93m▂[38;2;111;101;107;48;2;112;87;88m𜴧[38;2;110;95;101;48;2;100;87;90m🭍[38;2;116;105;112;48;2;105;100;108m🬁[38;2;107;100;108;48;2;119;109;118m🭂[38;2;111;107;120;48;2;110;103;111m🭈[38;2;116;107;117;48;2;124;120;133m🭟[38;2;135;129;144;48;2;126;116;127m𜷓[38;2;132;122;134;48;2;137;132;149m🬀[38;2;138;134;151;48;2;139;137;158m𜶑[38;2;132;124;137;48;2;138;136;155m🮈[38;2;116;106;113;48;2;124;115;125m🬦[38;2;119;113;124;48;2;113;104;111m🬁[38;2;119;113;123;48;2;135;127;141m🭏[38;2;134;125;138;48;2;120;112;122m🭚[38;2;119;113;124;48;2;109;103;112m🭚[38;2;110;106;120;48;2;106;103;114mº[38;2;109;102;110;48;2;103;100;110m🭈[38;2;104;100;110;48;2;111;106;118m🭟[38;2;113;109;124;48;2;125;119;135m🭜[38;2;127;124;143;48;2;115;111;126m🭂[38;2;133;129;145;48;2;121;119;138m▖[38;2;113;110;124;48;2;126;117;129m🭕[38;2;111;109;124;48;2;118;114;125m🬄[38;2;118;114;126;48;2;110;109;124m🭏[38;2;120;120;139;48;2;114;113;127m🬁[38;2;128;129;147;48;2;114;115;131m🬂[38;2;119;117;134;48;2;136;133;150m🭑[38;2;127;127;145;48;2;113;114;130m🬄[38;2;111;112;127;48;2;110;108;123m🬂[38;2;113;115;130;48;2;121;122;143m▌[38;2;134;130;146;48;2;125;128;146m🭖[38;2;139;135;153;48;2;139;140;164m▏[38;2;140;142;167;48;2;140;141;165m▁[0m[7m[38;2;140;141;165m⠀⠀⠀[0m[38;2;132;132;151;48;2;139;140;164m🭋[38;2;120;121;142;48;2;123;126;145m🭖[38;2;122;124;144;48;2;120;119;142m🮇[38;2;140;141;165;48;2;128;131;151m🭦[38;2;140;141;166;48;2;140;141;165m▏[0m[7m[38;2;140;141;165m⠀⠀⠀⠀[0m
[38;2;119;119;140;48;2;114;115;131m𜶯[48;2;113;115;129m𜶭[38;2;124;126;145;48;2;120;120;142m🭣[38;2;134;135;156;48;2;119;120;140m🮂[38;2;131;133;154;48;2;119;120;141m🮂[38;2;137;139;162;48;2;122;123;144m🭣[38;2;139;140;164;48;2;126;128;148m🭣[38;2;128;130;150;48;2;139;140;164m🬭[38;2;137;139;161;48;2;140;141;165m▁[38;2;139;140;164;48;2;126;129;148m▍[38;2;124;126;145;48;2;120;121;142m▎[38;2;131;133;154;48;2;124;127;146m🭢[38;2;129;132;152;48;2;139;140;164m🬓[38;2;128;130;150;48;2;139;141;164m▂[38;2;139;140;164;48;2;125;127;147m🭜[38;2;131;133;155;48;2;118;120;138m🭘[38;2;115;115;133;48;2;129;130;150m🬭[38;2;114;112;128;48;2;129;131;152m▄[38;2;122;125;144;48;2;110;108;123m🭜[38;2;118;119;138;48;2;109;106;119m🬀[38;2;117;114;129;48;2;108;105;117m🭈[38;2;110;104;115;48;2;123;123;142m🭜[38;2;118;113;126;48;2;128;126;144m▘[38;2;125;125;144;48;2;119;117;134m🭍[38;2;122;116;129;48;2;114;106;115m▍[38;2;111;106;118;48;2;112;104;111m🭈[48;2;111;104;112m╸[38;2;117;111;121;48;2;109;103;112m🬉[38;2;119;108;116;48;2;125;120;134m▖[38;2;125;126;144;48;2;131;121;132m🬏[38;2;132;120;131;48;2;137;131;146m΄[38;2;130;118;128;48;2;136;129;144m𜶖[38;2;123;110;117;48;2;126;116;127m🮈[38;2;120;112;121;48;2;124;108;112m🬓[38;2;121;111;120;48;2;124;107;111m𜶐[38;2;123;107;110;48;2;118;93;96m🭍[38;2;124;105;108;48;2;118;90;91m🭑[38;2;102;68;64;48;2;115;83;81m🭖[38;2;100;73;73;48;2;100;66;62m⠁[38;2;93;59;56;48;2;100;65;61m🭈[38;2;95;60;57;48;2;108;74;71m🬽[38;2;103;69;67;48;2;113;83;82m𜺣[38;2;91;67;66;48;2;101;74;74m▗[38;2;96;68;67;48;2;80;62;61m𜴂[38;2;85;74;76;48;2;81;68;68m🮇[38;2;118;108;115;48;2;101;87;90m🬦[38;2;117;109;120;48;2;111;102;110m𜶻[38;2;112;105;114;48;2;105;101;110m🬭[38;2;111;104;111;48;2;119;109;117m🭽[38;2;125;110;116;48;2;125;115;125m𜶀[38;2;128;118;128;48;2;134;126;138m🭠[38;2;131;121;132;48;2;135;127;141m🬓[38;2;133;124;136;48;2;137;131;146m𜺣[38;2;139;140;162;48;2;137;132;149m⠈[38;2;139;137;157;48;2;136;130;144m𜴍[38;2;122;113;123;48;2;133;123;135m▝[38;2;127;116;126;48;2;113;105;113m▖[38;2;116;105;110;48;2;106;101;110m🭜[38;2;105;101;110;48;2;112;103;110m𜵥[38;2;117;110;120;48;2;113;105;112m↑[38;2;105;101;110;48;2;112;103;110m⠁[38;2;107;102;110m𜴽[38;2;111;107;120;48;2;111;103;111m🬞[38;2;120;113;125;48;2;127;124;141m𜶿[38;2;129;119;130;48;2;134;129;145m🬭[38;2;131;120;130;48;2;135;128;142m🬏[38;2;115;111;124;48;2;126;116;127m🭊[38;2;109;106;122;48;2;118;113;125m🬭[38;2;110;109;124;48;2;118;114;126m🬭[38;2;119;118;136;48;2;113;114;127m🬩[38;2;115;115;131;48;2;124;125;145m🭜[38;2;130;128;146;48;2;112;111;127m🭑[38;2;121;122;142;48;2;111;108;124m🬽[38;2;106;103;115;48;2;109;107;122m𜶀[38;2;109;108;122;48;2;114;116;132m▂[38;2;117;117;137;48;2;131;128;145m🭼[38;2;139;137;158;48;2;134;130;146m𜺫[38;2;140;141;164m▔[38;2;135;132;148;48;2;139;140;163m▖[38;2;137;139;161;48;2;140;141;165m▁[0m[7m[38;2;140;141;165m⠀[0m[38;2;133;130;147;48;2;140;140;164m🬁[38;2;136;135;154;48;2;124;125;145m🬓[38;2;126;128;146;48;2;120;121;143m🬞[38;2;140;141;165;48;2;130;132;151m🭋[38;2;140;141;166;48;2;140;141;165m▏[0m[7m[38;2;140;141;165m⠀⠀⠀⠀[0m
[38;2;124;126;145;48;2;114;116;132m🭃[38;2;134;130;146;48;2;125;127;146m🬚[38;2;114;115;131;48;2;120;120;142m╺[38;2;113;115;130;48;2;118;118;138m🬄[38;2;121;123;143;48;2;115;115;133m𜷖[38;2;124;127;146;48;2;120;120;142m🬽[38;2;125;129;147m▁[38;2;120;120;142;48;2;124;126;146m𜶠[38;2;118;118;138;48;2;124;127;146m𜷋[38;2;112;110;128;48;2;122;123;144m▂[38;2;113;115;130;48;2;118;118;139m🭇[38;2;123;122;143;48;2;115;116;133m🭜[38;2;112;113;128;48;2;121;123;143m▄[38;2;114;115;132;48;2;120;120;141m𜵈[38;2;119;119;141;48;2;114;114;130m𜴌[38;2;113;115;130;48;2;109;108;122m𜶮[38;2;117;116;133;48;2;111;110;125m🭈[38;2;105;103;115;48;2;110;107;123m𜺠[38;2;120;114;126;48;2;110;106;120m🬦[38;2;110;105;116;48;2;124;117;130m🮂[38;2;120;119;140;48;2;130;129;146m🭘[38;2;126;128;147;48;2;136;130;146m΄[38;2;127;128;146;48;2;135;130;146m𜴋[38;2;126;119;131;48;2;125;125;143m𜶖[38;2;119;116;129;48;2;117;112;124m𜴹[38;2;127;117;127;48;2;116;112;125m🭊[38;2;119;107;113;48;2;126;116;126m𜴡[38;2;122;107;112;48;2;112;104;112m🬏[38;2;127;116;126;48;2;114;105;113m🭢[38;2;128;117;128;48;2;117;112;122m🭔[38;2;130;118;128;48;2;135;128;142m🭼[38;2;136;129;144;48;2;132;121;133m𜶅[38;2;124;109;115;48;2;123;114;124m╏[38;2;120;113;123;48;2;123;107;111m🭚[38;2;121;112;121;48;2;124;107;110m🭢[38;2;129;116;126;48;2;125;109;114m𜶖[38;2;124;104;107;48;2;128;115;122m𜴅[38;2;103;71;68;48;2;115;91;93m🭦[38;2;99;65;61;48;2;100;69;68m🬆[38;2;100;65;61;48;2;90;57;55m🭑[38;2;102;68;65;48;2;96;61;58m🭮[38;2;100;70;69;48;2;107;82;82m🬀[38;2;84;62;60;48;2;97;73;74m🮇[38;2;74;58;57;48;2;78;62;61m⠕[38;2;82;72;74;48;2;79;64;64m𜴡[38;2;99;84;86;48;2;122;110;117m▍[38;2;125;116;126;48;2;113;105;113m🭛[38;2;105;101;110;48;2;112;103;111m🭺[38;2;125;112;120;48;2;113;104;111m🬉[38;2;133;123;135;48;2;128;116;125m🭦[38;2;131;119;130;48;2;135;128;142m𜷖[38;2;131;125;138;48;2;127;118;128m𜴠[38;2;132;121;133;48;2;137;131;145m𜵈[38;2;137;132;147;48;2;137;131;146m⡀[38;2;138;132;148m⢀[38;2;136;130;145;48;2;128;119;130m🭠[38;2;129;118;128;48;2;118;109;117m𜴍[38;2;116;104;110;48;2;112;103;110m▘[38;2;122;114;125;48;2;116;106;113m▗[38;2;123;113;123;48;2;114;105;113m𜺣[38;2;108;102;110;48;2;112;103;110m𜵸[38;2;105;101;110;48;2;113;104;110m𜺠[38;2;115;110;122;48;2;110;103;112m╺[38;2;134;125;137;48;2;122;115;127m𜺠[38;2;129;118;129;48;2;134;125;138m🭝[38;2;126;116;127;48;2;125;120;136m𜶠[38;2;118;111;123;48;2;113;108;121m▏[38;2;105;102;114;48;2;109;106;121m𜴊[38;2;125;121;136;48;2;111;107;122m▂[38;2;114;114;129;48;2;110;108;124m🬼[38;2;125;126;145;48;2;115;114;132m🭥[38;2;122;123;144;48;2;132;129;145m˛[38;2;117;117;136;48;2;131;129;146m🬁[38;2;125;124;142;48;2;109;107;122m🭑[38;2;119;120;139;48;2;108;105;119m🬭[38;2;115;116;133;48;2;109;107;122m🬼[38;2;118;118;138;48;2;111;110;125m🮂[38;2;119;118;137;48;2;111;109;124m𜴅[38;2;111;110;125;48;2;122;123;143m🭑[38;2;112;113;128;48;2;126;127;146m🬭[38;2;119;120;140;48;2;136;137;159m▂[38;2;131;127;144;48;2;139;139;162m🬽[38;2;125;124;144;48;2;137;135;154m𜵺[38;2;124;127;146;48;2;121;121;143m𜴡[38;2;139;140;163;48;2;129;130;149m🭖[38;2;140;141;165;48;2;139;140;164m˙[38;2;125;128;147m▁[38;2;125;127;147;48;2;139;140;163m▁[38;2;123;124;145;48;2;139;140;164m🬭🬭[0m
[38;2;116;118;136;48;2;123;125;145m🬼[38;2;117;118;136;48;2;124;127;146m🭇[38;2;117;118;137;48;2;120;120;142m_[38;2;124;126;146m🭅[38;2;135;130;146;48;2;125;128;147m🬞[38;2;134;130;146m🬭[38;2;136;131;146m▁[38;2;130;129;146;48;2;123;125;145m𜺣[38;2;115;116;133;48;2;120;121;142m𜺫[38;2;112;110;126;48;2;118;118;138m𜴛[38;2;111;109;125;48;2;116;115;134m🭂[38;2;119;120;140;48;2;111;113;127m▁[38;2;118;119;138;48;2;111;111;126m𜶵[38;2;112;113;127;48;2;120;121;141m𜴉[38;2;126;126;146;48;2;120;121;142m●[38;2;124;126;146;48;2;121;121;143m🬢[38;2;120;119;138;48;2;128;128;146m🭣[38;2;130;124;137;48;2;114;109;123m𜵈[38;2;111;105;115;48;2;117;113;126m▌[38;2;120;114;126;48;2;128;117;128m🭼[38;2;131;122;133;48;2;137;130;145m🭼[38;2;132;123;134;48;2;137;131;146m🬭[38;2;133;124;136;48;2;136;130;145m🭿[38;2;128;118;129;48;2;119;113;124m🭠[38;2;119;114;126;48;2;126;117;128m𜷂[38;2;124;118;131;48;2;131;127;143m▍[38;2;136;130;145;48;2;131;120;131m𜶿[38;2;118;108;117m🭕[38;2;116;105;110;48;2;122;110;118m🭝[38;2;129;117;126;48;2;123;111;118m🭦[38;2;135;128;141;48;2;131;121;132m🭦[38;2;130;121;133;48;2;136;130;145m🭿[38;2;120;108;114;48;2;125;115;125m🭖[38;2;123;106;110;48;2;114;104;111m▝[38;2;120;97;100;48;2;125;107;110m🭉[38;2;129;115;123;48;2;124;105;108m𜺫[48;2;125;107;110m𜴅[38;2;103;74;74;48;2;118;95;97m🮈[38;2;95;61;59;48;2;100;67;65m𜵎[38;2;100;66;62;48;2;100;70;68m🭃[38;2;101;66;62;48;2;93;59;56m🬂[38;2;104;74;73;48;2;96;62;59m🭕[38;2;97;73;74;48;2;80;64;63m▌[38;2;79;67;67;48;2;76;61;60m𜶻[38;2;82;71;73;48;2;76;61;61m▂[38;2;88;77;79;48;2;114;101;106m▍[38;2;113;103;110;48;2;105;101;110m🭝[38;2;106;101;110;48;2;111;103;110m=[38;2;105;101;110m𜴚[38;2;118;106;111;48;2;110;103;110m🬠[38;2;119;108;115;48;2;124;115;125m🬿[38;2;126;111;117;48;2;126;116;127m𜺫[38;2;136;129;143;48;2;130;119;130m🬉[38;2;130;119;129;48;2;136;129;143m🬭[38;2;123;112;121;48;2;134;125;138m🭂[38;2;127;113;119;48;2;115;104;110m🭗[38;2;103;97;106;48;2;111;103;110m⠐[38;2;107;96;101;48;2;118;106;111m𜴀[38;2;118;110;119;48;2;124;116;126m🬄[38;2;126;117;128;48;2;117;111;122m▘[38;2;112;106;117;48;2;112;104;111m🭬[38;2;111;103;110;48;2;107;102;110m🭍[38;2;111;103;111;48;2;106;101;110m🬌[38;2;132;125;138;48;2;122;114;124m🭥[38;2;118;113;126;48;2;131;125;140m▁[38;2;121;120;140;48;2;117;111;123m▘[38;2;110;103;112;48;2;113;107;119m🭑[38;2;117;116;134;48;2;110;107;122m𜺠[38;2;120;116;129;48;2;122;121;142m▎[38;2;111;109;124;48;2;119;117;135m🭖[38;2;126;125;144;48;2;113;110;128m🭦[38;2;126;128;146;48;2;134;130;146m𜴇[38;2;138;136;155;48;2;137;131;146m▕[38;2;137;132;148;48;2;139;140;164m🮂[38;2;139;140;163;48;2;135;131;147m▁[38;2;115;114;130;48;2;131;127;145m𜴅[38;2;114;116;133;48;2;111;111;126m𜶀[38;2;118;119;139;48;2;111;110;125m🬭[38;2;122;123;144;48;2;112;111;127m𜷋[38;2;123;125;144m𜶻[38;2;118;119;138;48;2;111;112;127m🬽[38;2;122;123;144;48;2;112;114;129m🬂[38;2;123;123;144;48;2;112;112;127m🬂[38;2;113;114;129;48;2;119;119;141m🬽[38;2;131;133;153;48;2;118;119;139m🮂[38;2;132;134;156;48;2;119;119;139m🭘[38;2;130;132;153;48;2;123;126;145m𜺠[38;2;134;135;157;48;2;123;125;145m▂[38;2;124;127;146;48;2;120;121;142m▍[38;2;132;134;156;48;2;121;121;143m_[0m
[38;2;119;120;142;48;2;112;111;127m🬁[38;2;117;117;137;48;2;112;114;128m🭗[38;2;116;117;135;48;2;111;113;127m🭢[38;2;115;117;133;48;2;124;127;146m🭀[38;2;138;138;160;48;2;128;129;147m🬠[38;2;139;136;155;48;2;140;141;165m▔[38;2;140;137;155m▔[38;2;134;133;152;48;2;140;140;164m🭢[38;2;127;130;149;48;2;138;139;162m🮈[38;2;122;123;144;48;2;118;120;137m𜵷[38;2;112;111;127;48;2;117;117;136mĬ[38;2;126;128;146;48;2;121;122;143m𜶖[38;2;134;130;146;48;2;123;125;145m🭄[38;2;131;129;147;48;2;125;128;147m🭼[38;2;129;127;145;48;2;122;121;143m𜴶[38;2;116;117;135;48;2;122;123;143m╸[38;2;131;130;147;48;2;121;121;142m🮂[38;2;120;118;134;48;2;113;109;124m▎[38;2;112;105;114;48;2;110;107;123m𜴍[38;2;119;112;125;48;2;109;106;120m🭣[38;2;124;116;128;48;2;133;126;140m▌[38;2;132;121;132;48;2;136;129;143m*[38;2;131;121;132;48;2;135;129;144m𜴇[38;2;114;110;124;48;2;126;116;126m🬦[38;2;131;120;131;48;2;119;114;126m🭈[38;2;135;127;140;48;2;130;118;128m𜴈[38;2;136;129;143;48;2;128;116;126m🭘[38;2;128;117;127;48;2;122;110;117m▌[38;2;119;111;120;48;2;123;108;113m🭘[38;2;128;115;123;48;2;125;107;110m🬏[38;2;129;119;129;48;2;126;112;120m𜴡[38;2;130;119;130;48;2;126;110;115m🭠[38;2;124;114;123;48;2;120;106;111m𜴇[38;2;117;97;101;48;2;115;104;110m𜴐[38;2;117;91;92;48;2;117;102;107m🮇[38;2;119;101;104;48;2;114;87;87m🬂[38;2;123;104;106;48;2;117;93;95m🭔[38;2;111;85;86;48;2;97;64;62m▌[38;2;96;62;59;48;2;90;57;55m𜵳[38;2;87;63;63;48;2;95;60;58m𜴀[38;2;91;57;55;48;2;99;64;60m🭟[38;2;105;75;74;48;2;100;66;63m🭋[38;2;98;72;72;48;2;112;79;77m🮂[38;2;84;62;61;48;2;112;82;80m𜴅[38;2;104;85;87;48;2;85;69;70m🭄[38;2;114;93;96;48;2;103;86;88m🬩[38;2;79;64;65;48;2;103;92;96m🬦[38;2;61;51;50;48;2;111;100;105m🭑[38;2;81;69;70;48;2;109;100;107m𜺣[38;2;112;103;110;48;2;117;107;115m⠢[48;2;119;105;110m🬂[38;2;121;114;124;48;2;119;106;111m▝[38;2;113;105;113;48;2;128;117;128m🬭[38;2;124;115;125;48;2;113;105;113m🭚[38;2;106;99;108;48;2;112;105;114m🬑[38;2;114;102;108;48;2;111;106;118m🬂[38;2;112;105;115;48;2;112;104;111m_[38;2;123;111;119;48;2;113;104;111m🬁[38;2;112;107;119;48;2;123;113;123m🬭[38;2;122;113;122;48;2;109;104;113m🭘[38;2;106;101;110;48;2;113;103;110m🬏[38;2;104;100;110;48;2;111;103;110m╺[38;2;109;103;111;48;2;105;101;110m𜵑[38;2;122;113;122;48;2;112;107;117m🭖[38;2;120;114;127;48;2;114;108;119m┛[38;2;113;109;123;48;2;109;103;112m🬞[38;2;112;107;120;48;2;110;104;115m🬓[38;2;126;118;130;48;2;118;113;125m🮈[38;2;134;128;143;48;2;132;121;131m🭔[38;2;112;109;126;48;2;127;123;139m🭦[38;2;118;115;131;48;2;108;105;119m🬁[38;2;117;116;135;48;2;129;127;146m🭀[38;2;139;139;161;48;2;137;131;147m🭋[38;2;139;137;157;48;2;140;141;165m΄[38;2;129;128;147;48;2;140;140;164m𜷋[38;2;135;134;155;48;2;117;117;135m▘[38;2;112;112;127;48;2;119;119;141m▖[38;2;121;121;143;48;2;124;127;146m▍[38;2;125;129;147;48;2;125;128;147m⠁[0m[7m[38;2;124;128;147m⠀[0m[38;2;132;131;150;48;2;125;127;146m𜶯[38;2;126;127;147;48;2;112;112;128m🬿[38;2;118;119;139;48;2;111;109;125m🬼[38;2;111;110;125;48;2;110;107;123m🮀[38;2;112;113;128;48;2;120;120;141m🭠[38;2;120;121;139;48;2;136;136;156m🭠[38;2;139;140;163;48;2;128;130;149m🭄[38;2;141;142;166;48;2;140;141;165m🭗[38;2;132;135;156m▔[38;2;131;133;153;48;2;139;140;163m⢈[0m
[38;2;112;114;128;48;2;115;116;133m🭝[38;2;120;122;140;48;2;112;114;128m▁[0m[7m[38;2;112;114;128m⠀[0m[38;2;123;125;145;48;2;115;116;133m𜴡[38;2;139;140;164;48;2;126;129;148m▝[38;2;130;132;152;48;2;139;139;162m🭉[38;2;140;140;162;48;2;127;128;146m🬂[38;2;139;140;163;48;2;127;129;148m🭘[38;2;131;133;154;48;2;118;120;138m🮂[38;2;119;120;140;48;2;110;110;124m🬂[38;2;115;116;134;48;2;106;104;115m🬂[38;2;122;123;144;48;2;112;112;127m𜴅[38;2;113;114;130;48;2;125;125;145m𜶻[38;2;121;122;143;48;2;131;129;146m▄[38;2;132;128;145;48;2;120;121;142m🭗[38;2;125;117;129;48;2;123;124;144m𜺠[38;2;116;115;131;48;2;123;124;143m𜷓[38;2;110;107;123;48;2;112;111;124m🭅[38;2;108;103;114;48;2;109;106;122m▘[38;2;108;105;120;48;2;104;100;110m▎[38;2;106;102;113;48;2;120;114;126m🭑[38;2;122;114;124;48;2;134;126;139m𜶿[38;2;135;127;141;48;2;128;118;128m🭚[38;2;127;117;128;48;2;117;111;122m΄[38;2;128;117;128;48;2;135;128;143m▌[38;2;124;115;126;48;2;135;127;140m🭊[38;2;125;115;125;48;2;116;106;113m🭜[38;2;111;104;113;48;2;120;108;115m=[38;2;124;106;109;48;2;128;115;124m🬓[38;2;129;116;126;48;2;122;108;112m🭛[38;2;127;111;116;48;2;121;105;109m🬁[38;2;98;82;84;48;2;123;105;109m🭈[38;2;80;67;67;48;2;113;98;103m🬭[38;2;107;88;91;48;2;66;53;53m🭜[38;2;55;44;43;48;2;98;76;75m▄[38;2;95;71;71;48;2;59;47;45m🭕[38;2;112;82;81;48;2;119;90;91m▎[38;2;107;77;77;48;2;94;62;60m▌[38;2;97;62;59;48;2;90;56;54m🬂[38;2;95;65;64;48;2;91;58;56m+[38;2;98;64;61;48;2;92;58;55m🬁[38;2;113;79;76;48;2;103;70;68m𜵺[38;2;103;75;75;48;2;110;79;77m𜵵[38;2;111;93;98;48;2;103;82;83m🭅[38;2;106;86;88;48;2;115;98;103m𜷖[38;2;121;97;99;48;2;103;81;83m🬦[38;2;110;93;96;48;2;80;65;65m▌[38;2;33;24;22;48;2;52;39;37m🭅[38;2;61;50;49;48;2;31;22;20m🭣[38;2;92;79;81;48;2;37;27;25m🮂[38;2;101;89;93;48;2;37;27;26m🬂[38;2;51;39;38;48;2;109;97;102m▄[38;2;61;49;49;48;2;106;97;103m🬽[38;2;86;75;77;48;2;113;104;110m𜺣[38;2;112;105;113;48;2;122;111;120m▘[38;2;116;109;118;48;2;119;114;126m🭇[38;2;115;111;124;48;2;113;105;113m𜵱[38;2;113;109;119;48;2;110;103;110m🬼[38;2;105;101;110;48;2;112;103;110m𜶻[38;2;115;109;119;48;2;111;104;113m●[38;2;111;106;119;48;2;110;103;110m▄[38;2;108;102;110;48;2;112;103;111m▕[38;2;109;102;110;48;2;104;100;110m𜵁[38;2;111;103;110;48;2;118;110;119m🭑[38;2;110;107;121;48;2;112;105;115m┏[38;2;121;113;124;48;2;113;108;118m🭊[38;2;109;103;112;48;2;115;109;120m𜷖[38;2;117;111;122;48;2;110;104;114m▔[38;2;115;109;121;48;2;130;124;138m🭍[38;2;126;123;141;48;2;127;118;130m𜷖[38;2;119;118;133;48;2;112;109;123m🭬[38;2;117;113;126;48;2;124;126;144m▌[38;2;140;141;164;48;2;136;132;149m🭦[38;2;139;139;160;48;2;130;129;147m𜷂[38;2;125;127;147;48;2;120;120;142m🭽[38;2;112;114;128;48;2;118;118;138m🭃[38;2;112;114;129;48;2;124;125;144m▌[38;2;126;127;146;48;2;136;130;146m🭗[38;2;136;131;146;48;2;126;128;146m🭬[0m[7m[38;2;125;128;147m⠀[0m[38;2;126;128;147;48;2;135;130;146m𜵈[38;2;139;139;162;48;2;136;131;148m𜶐[38;2;132;134;156;48;2;121;123;142m𜵡[38;2;119;120;140;48;2;112;113;127m▖[38;2;113;114;130;48;2;119;119;140m▌[38;2;126;128;148;48;2;138;139;163m𜴺[0m[7m[38;2;140;141;165m⠀⠀⠀[0m[38;2;141;142;166;48;2;140;141;165m⠈[0m
[38;2;113;114;130;48;2;125;126;146m▌[38;2;134;130;146;48;2;126;128;147m╺[38;2;112;114;129;48;2;124;127;146m🭣[38;2;113;114;129;48;2;121;124;142m🭔[38;2;113;115;130;48;2;124;125;145m🬿[38;2;136;132;149;48;2;125;125;145m🬂[38;2;120;120;142;48;2;124;125;145m🭄[38;2;129;126;145;48;2;118;119;139m𜺨[38;2;115;116;133;48;2;112;113;127m🭿[38;2;112;114;129;48;2;120;120;141m🬂[38;2;120;120;141;48;2;111;111;126m𜶻[38;2;111;112;127;48;2;107;104;118m𜵇[38;2;104;101;112;48;2;111;109;124m🭑[38;2;115;111;125;48;2;124;121;138m𜶻[38;2;117;112;127;48;2;124;122;142m𜷓[38;2;108;105;119;48;2;114;114;127m𜷋[38;2;104;101;112;48;2;109;107;122m🭃[38;2;112;107;119;48;2;118;115;132m🭠[38;2;122;122;143;48;2;115;112;126m▂[38;2;109;108;122;48;2;118;116;134m🬆[38;2;106;103;115;48;2;110;107;122m🮂[38;2;112;108;121;48;2;105;101;110m🭤[38;2;123;115;126;48;2;112;106;116m𜴅[38;2;114;110;122;48;2;112;106;115m𜴚[38;2;120;114;125;48;2;113;104;111m🬂[38;2;113;105;113;48;2;120;112;123m🬏[38;2;128;116;125;48;2;115;107;115m▄[38;2;107;96;101;48;2;122;113;123m▁[38;2;83;70;71;48;2;117;105;110m🭈[38;2;69;56;57;48;2;108;96;100m𜷋[38;2;94;80;82;48;2;54;41;40m𜴂[38;2;65;54;54;48;2;33;23;21m🬂[38;2;29;20;18;48;2;56;44;43m🭂[38;2;42;30;28;48;2;26;17;14m🮂[38;2;39;28;26;48;2;28;19;17m𜴂[38;2;80;63;63;48;2;45;32;30m🮈[38;2;101;81;83;48;2;122;102;105m▍[38;2;100;69;68;48;2;121;100;103m🭥[38;2;105;83;84;48;2;94;63;61m🬾[38;2;95;68;67;48;2;91;61;58m𜷋[38;2;94;70;70;48;2;90;62;60m𜶻[38;2;98;64;60;48;2;99;69;68m𜴧[38;2;110;87;88;48;2;101;72;72m🭮[38;2;118;100;105;48;2;114;91;93m🭅[38;2;115;98;103;48;2;99;86;89m▌[38;2;107;88;91;48;2;124;106;109m🭗[38;2;78;62;62;48;2;109;93;96m🮈[38;2;55;42;39;48;2;35;24;22m▎[38;2;34;24;22;48;2;28;19;17m🬀[38;2;26;16;14;48;2;27;18;16m╸[38;2;32;23;21;48;2;28;19;17m⠈[38;2;30;21;19m🬁[38;2;49;39;38;48;2;29;20;18m⠈[38;2;66;56;56;48;2;32;22;20m▔[38;2;86;75;77;48;2;34;24;22m🭣[38;2;105;96;103;48;2;42;32;31m𜴅[38;2;52;42;41;48;2;110;102;109m𜶻[38;2;79;69;70;48;2;113;104;112m🬽[38;2;104;98;110;48;2;113;107;117m_[38;2;118;112;124;48;2;115;105;112m𜴸[38;2;116;110;122;48;2;113;105;113m╺[38;2;111;106;117;48;2;108;102;110m╸[38;2;112;103;110;48;2;105;100;110m🬆[38;2;111;103;110;48;2;103;100;110m🮂[38;2;113;103;110;48;2;105;101;110m🭭[38;2;115;109;119;48;2;109;103;111m🭘[38;2;118;112;124;48;2;106;102;112m🬭[38;2;116;112;125;48;2;108;104;115m▄[38;2;116;111;123;48;2;107;102;113m𜴷[38;2;117;113;125;48;2;106;103;114m🬊[38;2;105;103;114;48;2;111;108;123m▄[38;2;122;122;141;48;2;116;113;128m𜴡[38;2;115;117;134;48;2;131;129;147m🬭[38;2;134;131;149;48;2;115;116;133m🬂[38;2;124;125;145;48;2;118;119;139m𜵱[38;2;113;115;129;48;2;125;126;145m🬂[38;2;118;118;138;48;2;124;125;145m🭕[38;2;116;117;135;48;2;131;128;145m▄[38;2;130;132;152;48;2;123;124;144m𜴅[38;2;135;136;159;48;2;127;128;147m🬂[38;2;132;134;156;48;2;132;130;146m🭗[38;2;124;126;145;48;2;114;114;131m🭠[38;2;121;122;143;48;2;111;111;126m🭘[38;2;120;120;141;48;2;112;113;128m΄[38;2;115;114;134;48;2;110;108;124m⠈[38;2;134;134;155;48;2;117;117;134m🭥[38;2;128;131;151;48;2;139;140;164m🭏[38;2;140;141;165;48;2;141;141;166m🭔[0m[7m[38;2;140;141;165m⠀[0m[38;2;127;130;150;48;2;139;140;164m🬦[0m
[38;2;111;110;126;48;2;122;124;144m▍[38;2;125;128;147;48;2;124;127;146m˙[38;2;122;123;144;48;2;125;128;147m▁[38;2;123;125;145;48;2;113;114;129m🭍[38;2;119;119;141;48;2;114;115;131m𜵥[38;2;118;118;139;48;2;112;114;128m🬂[38;2;115;116;134;48;2;120;120;141m▖[38;2;124;127;146;48;2;121;121;143m𜷓[38;2;128;129;147;48;2;124;124;144m⎽[38;2;137;131;146;48;2;127;128;146m𜴧[38;2;125;127;146;48;2;122;123;144m𜴓[38;2;112;113;128;48;2;120;121;140m🬂[38;2;117;117;135;48;2;108;106;120m▄[38;2;113;114;128;48;2;107;104;117m𜴉[38;2;109;106;122;48;2;104;101;112m𜴅[38;2;110;109;124;48;2;109;104;116m▗[38;2;120;117;131;48;2;111;107;120m𜶖[38;2;120;117;133;48;2;121;121;141m▌[38;2;122;117;130;48;2;123;123;142m🬿[38;2;121;121;141;48;2;120;116;130m𜴍[38;2;109;106;119;48;2;116;114;126m🭢[38;2;106;102;113;48;2;119;113;126m🭕[38;2;112;105;114;48;2;108;102;110m🮀[38;2;111;104;112;48;2;114;111;125m🭝[38;2;120;114;126;48;2;118;107;114m🭂[38;2;84;71;72;48;2;116;108;117m🬞[38;2;104;92;96;48;2;55;43;42m🭜[38;2;84;72;74;48;2;44;33;31m𜴂[38;2;66;54;54;48;2;33;24;22m🮂[38;2;45;34;32;48;2;27;17;15m🭗[38;2;30;21;19;48;2;25;16;13m🮂[0m[7m[38;2;28;19;17m⠀[0m[38;2;26;17;14;48;2;28;19;17m𜺠[38;2;25;16;13;48;2;27;17;15m𜴘[38;2;27;18;16;48;2;24;14;11m▕[38;2;42;31;29;48;2;77;65;65m▌[38;2;106;88;90;48;2;122;105;109m▍[38;2;125;108;112;48;2;128;114;121m𜷂[38;2;126;109;114;48;2;107;85;87m🭏[38;2;114;92;94;48;2;98;76;78m🬿[38;2;100;85;87;48;2;95;70;70m🬏[38;2;97;68;67;48;2;86;71;73m🬍[38;2;113;88;90;48;2;98;70;69m🭇[38;2;109;87;90;48;2;91;75;77m𜴸[38;2;114;95;99;48;2;96;83;86m🬦[38;2;117;94;97;48;2;125;108;112m▂[38;2;56;44;44;48;2;97;83;85m🭋[38;2;41;31;29;48;2;30;21;19m▎[38;2;32;23;21;48;2;29;20;18m╸[38;2;25;16;13m🭄[38;2;29;20;18;48;2;26;17;15m🬁[38;2;30;21;19;48;2;27;18;16m▝[0m[7m[38;2;28;19;17m⠀⠀⠀⠀[0m[38;2;37;26;24;48;2;29;20;18m𜺫[38;2;55;44;42;48;2;33;24;22m▔[38;2;88;74;76;48;2;39;29;27m🭣[38;2;62;50;50;48;2;104;95;101m🬾[38;2;112;104;111;48;2;109;103;112m🭔[38;2;112;105;113;48;2;107;101;110m🬄[38;2;111;103;110;48;2;103;100;110m🬞[38;2;109;102;110;48;2;103;100;109m𜴷[38;2;114;109;122;48;2;105;101;111m▁[38;2;108;102;111;48;2;120;114;126m🭜[38;2;121;114;125;48;2;132;121;132m🭠[38;2;124;117;128;48;2;135;129;144m🬁[38;2;120;115;130;48;2;130;127;144m🬂[38;2;117;115;128;48;2;108;104;117m🭑[38;2;107;104;117;48;2;110;108;123m▘[38;2;111;113;127;48;2;110;109;124m🮈[38;2;111;111;126;48;2;112;114;128m🬀[38;2;125;125;144;48;2;115;117;134m🮈[38;2;133;130;147;48;2;139;140;163m🭘[38;2;137;132;149m¯[38;2;129;129;147;48;2;139;140;162m🭥[38;2;116;117;135;48;2;127;127;145m🬊[38;2;121;122;143;48;2;114;116;132m𜴷[38;2;122;124;144;48;2;112;114;129m🬂[38;2;129;128;146;48;2;115;116;133m🬂[38;2;118;119;139;48;2;112;113;128m🬟[38;2;112;113;128;48;2;120;121;142m🭚[38;2;117;118;137;48;2;128;128;146m🬂[38;2;126;127;146;48;2;113;114;129m🭑[38;2;113;115;131;48;2;121;122;143m▘[38;2;131;134;154;48;2;120;121;142m𜺫[38;2;139;140;163;48;2;120;120;142m🬂[38;2;138;139;163;48;2;122;123;144m🬂[38;2;136;138;160;48;2;121;122;143m΄[0m
[38;2;124;127;147;48;2;113;113;129m▗[38;2;125;128;147;48;2;117;119;136m▄[38;2;115;116;134;48;2;124;127;145m🬂[38;2;114;116;132;48;2;124;127;146m🬂[38;2;122;123;143;48;2;112;114;129m▖[38;2;114;115;132;48;2;112;113;127m˛[38;2;115;115;132;48;2;120;120;141m🭛[38;2;114;114;131;48;2;124;124;144m𜴆[38;2;128;127;145;48;2;116;117;135m▄[38;2;115;116;133;48;2;121;121;142m𜴈[38;2;121;121;143;48;2;110;110;124m▄[38;2;124;126;146;48;2;112;114;129m🬭[38;2;118;119;138;48;2;108;107;120m🬿[38;2;109;106;122;48;2;105;102;113m΄[38;2;110;107;123;48;2;105;101;112m╸[38;2;114;111;124;48;2;106;102;112m🬠[38;2;119;114;127;48;2;106;104;116m𜶮[38;2;120;114;127;48;2;108;104;117m𜶮[38;2;123;116;128;48;2;109;106;119m𜶮[38;2;122;120;136;48;2;112;108;122m𜶬[38;2;120;114;126;48;2;111;107;122m𜶭[38;2;109;104;115;48;2;114;110;124m🬉[38;2;106;101;109;48;2;110;106;119m𜴈[38;2;106;95;101;48;2;115;109;121m𜴀[38;2;113;104;112;48;2;120;114;125m🬞[38;2;97;87;93;48;2;57;45;44m▌[38;2;24;15;12;48;2;33;23;21m🭅[38;2;18;11;6;48;2;25;16;14m𜵈[38;2;32;22;20;48;2;25;15;12m🬭[38;2;31;22;20;48;2;28;19;17m𜴃[38;2;24;15;12;48;2;26;17;14mĬ[38;2;27;19;17;48;2;24;14;11m🭜[38;2;27;18;16m🭣[38;2;20;12;9;48;2;26;18;15m╸[38;2;18;12;7;48;2;26;17;15m▁[38;2;78;65;67;48;2;39;29;27m🭤[38;2;46;35;33;48;2;101;84;87m▂[38;2;59;46;45;48;2;107;97;102m🬭[38;2;61;48;48;48;2;116;102;107m▄[38;2;62;49;49;48;2;110;98;104m🬭[38;2;81;65;67;48;2;102;86;89m𜶭[38;2;95;78;80;48;2;105;89;93m𜶮[38;2;110;92;94;48;2;122;104;107m𜴶[38;2;117;95;98;48;2;92;76;78m▍[38;2;93;78;80;48;2;113;90;93m▎[38;2;57;45;44;48;2;95;81;83m🬦[38;2;64;52;52;48;2;31;21;19m🬀[38;2;25;15;12;48;2;27;17;15m🬭[38;2;24;14;11;48;2;27;18;16m🬭[38;2;27;18;16;48;2;24;15;12m🭑[48;2;28;19;17m´[38;2;31;22;20;48;2;27;17;15m𜵸[0m[7m[38;2;28;19;17m⠀⠀[0m[38;2;32;23;21;48;2;27;18;16m𜺨[38;2;25;16;13m_[38;2;31;22;20;48;2;28;19;17m🬏[38;2;33;24;22m╻🬏[38;2;69;57;57;48;2;41;30;28m🭦[38;2;89;78;80;48;2;111;102;109m🭀[38;2;119;107;113;48;2;109;102;110m𜴺[38;2;109;102;110;48;2;103;100;110m𜵸[38;2;107;104;114;48;2;109;103;111m⢀[38;2;127;115;124;48;2;120;107;112m▝[38;2;121;112;124;48;2;128;117;129m🬏[38;2;124;116;127;48;2;135;127;140m🭏[38;2;127;117;127;48;2;136;130;145m🬭[38;2;132;121;132m🬼[38;2;125;127;146;48;2;136;130;146m🬂[38;2;125;126;144;48;2;117;116;132m🬓[38;2;111;112;126;48;2;116;113;126m🬑[38;2;132;128;147;48;2;116;117;133m𜶖[38;2;126;125;143;48;2;138;134;152m𜶬[38;2;119;121;137;48;2;138;139;161m▁[38;2;121;120;135;48;2;140;140;163m▂[38;2;120;121;142;48;2;139;140;164m▁[38;2;121;122;143;48;2;139;139;163m▁[38;2;135;133;152;48;2;123;123;143m🭬[0m[7m[38;2;112;114;128m⠀[0m[38;2;115;117;133;48;2;112;114;128m▕[38;2;130;131;150;48;2;123;125;145m𜴘[38;2;140;140;163;48;2;129;129;148m𜴯[38;2;119;119;135;48;2;136;132;149m▂[38;2;116;118;134;48;2;125;128;147m▂[38;2;117;119;135;48;2;127;128;147m𜺣[38;2;121;122;143;48;2;124;127;146m𜵲[38;2;122;124;144;48;2;120;120;142m▏[38;2;124;126;146;48;2;121;121;143m𜶑[38;2;125;128;147;48;2;138;139;162m𜷂[0m
[38;2;113;114;128;48;2;124;127;145m▍[0m[7m[38;2;125;128;147m⠀⠀[0m[38;2;125;129;147;48;2;125;128;147m⢀[38;2;123;125;145;48;2;113;115;131m▌[38;2;117;118;137;48;2;112;114;128m🭤[38;2;118;118;138;48;2;123;125;145m🭬[38;2;126;128;147;48;2;136;131;146m▍[38;2;126;128;146;48;2;136;130;146m🮈[38;2;131;127;145;48;2;122;123;144m▁[38;2;133;128;145;48;2;122;123;143m🭈[38;2;121;121;142;48;2;124;127;146m🬭[38;2;118;118;139;48;2;122;124;143m🭿[38;2;113;112;130;48;2;104;101;112m▍[38;2;106;102;112;48;2;110;106;120m𜴺[38;2;127;117;127;48;2;112;108;123m🭮[38;2;129;125;140;48;2;130;118;128m🭤[38;2;129;120;132;48;2;134;129;145m𜷓[38;2;129;123;136;48;2;129;118;128m🬖[38;2;123;120;134;48;2;119;114;126m▔[38;2;115;108;117m˛[38;2;113;105;112;48;2;118;113;124m🭉[38;2;112;104;111;48;2;110;108;123m𜵈[38;2;110;106;120;48;2;112;103;111m▍[38;2;97;85;89;48;2;114;107;117m🭋[38;2;38;28;26;48;2;75;62;63m🭅[38;2;17;10;5;48;2;24;15;12m𜶖[38;2;23;14;11;48;2;18;11;7m🬄[38;2;20;12;8;48;2;29;20;18m🭑[38;2;28;18;16;48;2;24;14;11m🬆[38;2;23;13;10;48;2;27;18;16m▄[38;2;24;15;12;48;2;27;18;15m𜴈[38;2;25;16;13;48;2;24;14;11m𜺣[38;2;25;16;14;48;2;17;10;6m𜵹[38;2;24;16;13;48;2;16;10;5m🭄[38;2;23;15;12;48;2;27;18;16mħ[38;2;25;16;14;48;2;18;11;6m𜴂[38;2;48;37;36;48;2;31;21;18m🬁[38;2;57;44;43;48;2;79;65;66m𜴫[38;2;58;46;46;48;2;78;66;67m𜴩[38;2;75;63;62;48;2;63;52;51m▁[38;2;57;46;47;48;2;70;57;56m▂[38;2;66;52;52;48;2;79;65;66m𜶷[38;2;72;59;58;48;2;83;72;73m𜶷[38;2;63;52;52;48;2;77;64;65m𜵁[38;2;73;61;61;48;2;52;40;39m𜴸[38;2;48;37;36;48;2;30;21;18m𜺨[38;2;25;15;13;48;2;27;18;16m𜴄[38;2;24;14;11;48;2;27;19;17m🭘[38;2;27;18;16;48;2;20;12;8m🭠[38;2;21;13;9;48;2;27;18;16m▖[38;2;33;25;23m𜺫[38;2;26;16;14m-[38;2;21;14;10m𜴀[38;2;27;18;16;48;2;24;14;11m▌🮈[38;2;27;19;17;48;2;26;16;14m🭝[38;2;25;15;13;48;2;29;20;18m▄[38;2;33;24;22;48;2;28;19;17m🭗[38;2;51;41;40;48;2;32;23;21m🮇[38;2;79;67;69;48;2;109;100;106m▍[38;2;107;102;110;48;2;113;104;111m🭤[38;2;104;100;110;48;2;111;103;110m𜷌[38;2;106;101;110m🭦[38;2;109;102;110;48;2;119;110;119m🬿[38;2;118;112;124;48;2;127;121;134m🭑[38;2;129;128;144;48;2;125;118;131m𜴡[38;2;131;122;134;48;2;136;130;145m🬼[38;2;139;139;161;48;2;137;131;147m𜺫[38;2;123;118;133;48;2;137;133;151m▂[38;2;119;115;128;48;2;134;127;141m𜷍[38;2;122;118;134;48;2;114;110;125m𜴀[38;2;126;126;145;48;2;114;115;131m𜶖[38;2;126;126;144;48;2;138;136;155m🬂[38;2;122;124;143;48;2;139;140;163m🮂[38;2;121;123;142;48;2;139;140;164m🮂[38;2;124;126;146m🮂[38;2;124;127;146m🮂[38;2;139;139;161;48;2;129;129;147m🬚[38;2;114;115;131;48;2;121;123;143m🭥[48;2;119;119;139m𜴛[38;2;117;119;136;48;2;135;130;146m🬂[38;2;121;122;143m🬂[38;2;112;114;129;48;2;133;129;145m🮂[38;2;114;115;131;48;2;128;127;145m🬂[38;2;118;120;138;48;2;128;130;151m🬂[38;2;139;141;164;48;2;129;131;151m🬓[38;2;121;121;143;48;2;124;127;146m𜺫𜶮[38;2;135;137;159;48;2;124;126;146m🬩[0m
[38;2;114;115;131;48;2;123;125;145m▌[48;2;125;128;147m [0m[7m[38;2;125;128;147m⠀⠀[0m[38;2;116;117;134;48;2;119;120;141m𜴂[48;2;112;114;128m▕[38;2;123;125;145;48;2;117;118;136m🭅[38;2;137;131;146;48;2;126;128;146m▝[38;2;121;122;143;48;2;137;130;146m▄[38;2;134;129;145;48;2;120;120;142m▘[38;2;128;125;144m¯[38;2;120;120;142;48;2;117;118;137m🭝[38;2;121;124;142;48;2;114;116;132m●[38;2;109;106;120;48;2;111;111;126m🭅[48;2;108;102;111m🭖[38;2;119;114;126;48;2;111;108;123m🭦[38;2;127;117;127;48;2;120;114;126m🭾[38;2;121;114;126;48;2;129;117;127m𜶐[38;2;124;116;127m🭋[38;2;131;118;128;48;2;119;114;126m𜺣[38;2;125;116;127;48;2;119;113;125m🭈[38;2;117;107;115;48;2;118;113;125m𜵳[38;2;113;105;112;48;2;110;106;121m▌[38;2;111;106;119;48;2;112;104;111m🭗[38;2;61;51;51;48;2;97;88;93m𜶖[38;2;28;18;15;48;2;50;39;38m🭃[38;2;26;16;13;48;2;16;9;5m𜺨[38;2;20;12;8;48;2;15;9;4m𜷋[48;2;16;9;4m𜵔[38;2;27;18;16;48;2;24;14;11m𜴡[38;2;30;21;19;48;2;27;18;15m𜺠[38;2;18;11;7m𜴡[38;2;20;12;8;48;2;24;15;12m𜶄[38;2;19;12;7;48;2;26;17;14m𜵢[38;2;18;11;7m🭈[38;2;20;12;8;48;2;25;16;13m■[38;2;23;14;11m𜶂[38;2;44;33;30;48;2;31;21;19m𜴡[38;2;77;66;68;48;2;55;44;42m𜶑[38;2;53;40;38;48;2;83;70;71m𜴆[38;2;86;73;75;48;2;58;47;46m𜶮[38;2;53;41;39;48;2;84;71;72m𜴫[38;2;49;37;35;48;2;77;65;67m𜴧[38;2;80;66;67;48;2;61;50;51m𜴇[38;2;50;39;37;48;2;73;59;59m𜶮[38;2;45;34;33;48;2;71;56;55m𜷖[38;2;36;26;23;48;2;30;21;19m🮢[38;2;32;23;21;48;2;27;18;16m𜶜[38;2;33;23;21;48;2;27;17;15m🬼[38;2;20;12;9;48;2;26;16;14m🭣[38;2;17;10;6;48;2;24;14;11m🭗[38;2;24;14;11;48;2;27;18;16m𜶻[38;2;25;16;14m𜶻[38;2;28;19;17m˙[38;2;27;18;16;48;2;25;15;12m▍[38;2;24;14;11;48;2;26;17;14m🭔[38;2;27;17;15;48;2;24;14;11m▚[38;2;24;15;12m˛[38;2;25;15;12;48;2;27;18;16m𜴔[38;2;35;25;23;48;2;27;19;16m🭢[38;2;53;42;41;48;2;92;82;86m▌[38;2;109;99;105;48;2;113;105;112m🬼[38;2;116;109;119;48;2;107;102;111m▖[38;2;111;103;110;48;2;104;100;110m🭃[38;2;111;105;117;48;2;103;100;110m▂[38;2;109;106;121;48;2;105;102;112m🬏[38;2;125;120;134;48;2;115;110;122m🮈[38;2;132;125;138;48;2;135;129;145m𜶁[38;2;126;117;127;48;2;136;129;143m𜷋[38;2;126;118;129;48;2;114;110;124m🭛[38;2;119;114;126;48;2;112;109;124m🭋[38;2;116;112;125;48;2;117;117;136m𜷂[38;2;131;125;140;48;2;118;116;132m🮈[38;2;139;140;163;48;2;138;133;149m🮈[38;2;138;135;152;48;2;139;140;164m⠁[38;2;140;141;165m˙[0m[7m[38;2;140;141;165m⠀⠀[0m[38;2;134;132;149;48;2;139;140;164m▝[38;2;126;129;148;48;2;120;121;142m▎[38;2;126;128;146;48;2;120;120;142m🮈[38;2;134;131;147;48;2;137;130;145m▏[38;2;139;140;163;48;2;138;134;151m𜶖[38;2;137;133;150;48;2;139;140;163m🭕[38;2;137;135;154;48;2;128;129;148m▏[38;2;139;140;163;48;2;127;129;148m𜶖[38;2;135;137;159;48;2;140;141;165m⠈[38;2;132;135;156;48;2;122;123;143m▎[38;2;123;125;145;48;2;120;120;142m🭤[38;2;139;139;163;48;2;125;128;147m🮈[0m
[38;2;125;125;145;48;2;114;115;132m🮈[38;2;136;130;146;48;2;124;127;146m▄[38;2;125;128;146;48;2;127;128;146m🭔[38;2;120;120;141;48;2;124;127;146m🮇[38;2;112;114;128;48;2;117;117;137m𜷓[38;2;116;115;135;48;2;111;110;125m╶[38;2;117;116;137;48;2;123;125;145m▎[0m[7m[38;2;125;128;147m⠀[0m[38;2;121;121;143;48;2;124;127;146m𜴁[38;2;117;118;136;48;2;124;126;145m🬂[38;2;120;120;142;48;2;124;127;146m▂[38;2;120;120;141;48;2;123;125;145m𜶭[38;2;112;114;128;48;2;118;118;138m🭔[38;2;106;103;116;48;2;110;107;123m▕[38;2;112;106;118;48;2;109;102;111m▝[38;2;110;107;122;48;2;117;113;125m𜴶[0m[7m[38;2;119;114;126m⠀[0m[38;2;127;117;127;48;2;119;114;126m𜺣[38;2;118;113;125;48;2;129;117;127m▍[38;2;120;114;126;48;2;129;117;128m🮈[38;2;122;112;120;48;2;124;116;127m▖[38;2;115;106;114;48;2;118;114;126m🮈[38;2;111;104;113;48;2;110;106;120m𜷌[38;2;104;94;99;48;2;112;104;111m🭉[38;2;80;68;69;48;2;43;31;29m▌[38;2;27;18;15;48;2;23;14;11m𜴨[38;2;15;9;4m🮈[38;2;17;10;6;48;2;24;14;11m𜶰[38;2;18;11;6;48;2;23;13;11m▔[38;2;18;11;7;48;2;24;14;11m𜺣[38;2;26;17;15m¯[38;2;16;9;5;48;2;25;16;13m𜷋[38;2;24;14;11;48;2;18;11;6m▔[38;2;25;16;13;48;2;19;11;7m🬅[38;2;48;36;34;48;2;21;13;9m▁[38;2;76;60;60;48;2;26;16;14m▂[38;2;91;74;76;48;2;29;20;18m▂[38;2;76;64;64;48;2;32;22;20m▂[38;2;52;40;39;48;2;73;58;58m𜷂[38;2;80;67;68;48;2;56;45;44m𜴫[38;2;86;70;71;48;2;59;46;45m𜴧[38;2;88;77;79;48;2;65;55;54m▔[38;2;60;47;46;48;2;82;70;71m𜴣[38;2;67;55;55m𜴫[38;2;53;40;38;48;2;72;59;59m𜴧[38;2;44;33;31;48;2;62;50;49m𜶑[38;2;36;27;24;48;2;28;19;17m▏[38;2;30;21;19m⠈[38;2;33;24;22m΄[38;2;22;14;10;48;2;27;19;16m🬁[38;2;21;13;9;48;2;27;18;16m🭥[38;2;27;17;15;48;2;22;13;10m🬭[38;2;20;12;8;48;2;24;14;11mā[38;2;17;11;6;48;2;26;18;15m╺[38;2;17;10;6;48;2;24;14;11m🬼[38;2;27;18;16m🭮[38;2;25;16;14;48;2;17;10;6m𜷂[38;2;18;12;7;48;2;26;17;15m🭈[38;2;16;10;5m𜺣[38;2;27;17;15;48;2;25;16;13m°[38;2;69;57;56;48;2;35;25;23m🭤[38;2;112;104;112;48;2;85;74;75m🭖[38;2;111;104;111;48;2;116;110;119m🭔[38;2;111;107;121;48;2;109;102;111m▗[38;2;112;106;116;48;2;118;111;121m🭚[38;2;117;111;123;48;2;112;104;111m▌[38;2;118;110;119;48;2;111;103;111m🭢[38;2;121;115;128;48;2;109;106;120m🭣[38;2;111;107;119;48;2;118;114;128m𜵥[38;2;129;120;131;48;2;116;112;125m▂[38;2;120;115;127;48;2;132;128;143m🭕[38;2;113;111;125;48;2;117;113;126m𜴜[38;2;127;124;139;48;2;116;113;129m🮇[38;2;139;138;160;48;2;136;131;147m▝[38;2;139;139;161;48;2;139;140;164m⠈[38;2;138;133;150m΄[0m[7m[38;2;140;141;165m⠀⠀[0m[38;2;134;136;158;48;2;140;141;165m▕[38;2;127;130;149;48;2;120;120;142m▎[38;2;124;127;146m🮈[38;2;139;137;157;48;2;131;130;147m▗[38;2;139;139;162;48;2;137;132;147m🭅[38;2;140;141;165;48;2;131;130;148m΄[38;2;124;128;147;48;2;125;128;147m⠁[38;2;126;129;148;48;2;139;140;164m▌[38;2;136;138;160m▕[38;2;131;133;154;48;2;122;123;143m▎[38;2;120;119;142;48;2;120;120;142m🭵[38;2;135;130;146;48;2;123;126;145m𜴡[0m
[38;2;111;111;126;48;2;120;121;142m▍[38;2;133;129;145;48;2;122;123;144m🬂[38;2;132;130;146;48;2;123;125;145m🭜[38;2;118;118;139;48;2;122;123;144m▕[38;2;120;120;142;48;2;112;113;128m𜴀[38;2;110;107;123;48;2;111;112;127m╻[38;2;113;115;130;48;2;123;125;145m🭍[38;2;114;116;131m🭈[38;2;124;127;146;48;2;115;116;132m🬂[38;2;119;120;139;48;2;114;115;132m𜶬[38;2;114;115;132;48;2;119;119;140m▂[38;2;113;114;129;48;2;120;122;142m🭿[38;2;106;102;114;48;2;111;111;126m🬦[38;2;109;107;121;48;2;104;101;112m𜴂[38;2;110;106;119;48;2;107;102;110m🮂[38;2;113;104;112;48;2;115;111;124m𜵈[38;2;124;116;127;48;2;119;114;126m⠈[38;2;128;117;127m🬀[38;2;126;116;127;48;2;116;112;125m🭖[38;2;120;114;125;48;2;129;118;128m🮈[38;2;123;109;113;48;2;119;114;126m▌[38;2;113;104;111;48;2;117;111;122m🭋[38;2;110;106;120;48;2;112;104;111m🬀[38;2;102;90;94;48;2;113;103;110m🮇[38;2;77;66;67;48;2;35;26;25m▍[38;2;17;10;6;48;2;24;14;11m🭘[38;2;15;9;4;48;2;22;13;10m🭈[38;2;17;10;6;48;2;21;13;9m𜵎[38;2;15;9;4;48;2;22;13;10m🭊[38;2;21;12;9;48;2;15;9;4m🭗[38;2;23;13;10;48;2;17;10;6m𜴝[38;2;33;25;22;48;2;16;9;5m𜺠[38;2;26;18;14;48;2;80;54;53m🭠[38;2;46;31;28;48;2;99;68;66m𜴂[38;2;73;50;47;48;2;95;67;67m𜵱[38;2;89;56;54;48;2;108;80;79m▄[38;2;108;82;83;48;2;92;59;57m🬂[38;2;83;69;70;48;2;67;48;46m🬆[38;2;47;36;33;48;2;68;56;56m▄[38;2;56;44;42;48;2;76;64;64m𜵡[38;2;53;41;40;48;2;72;61;62m🬭[38;2;47;37;35;48;2;82;69;71m𜶮[38;2;84;72;74;48;2;57;46;46m𜴫[38;2;76;62;62;48;2;64;52;52m𜶜[38;2;55;45;44;48;2;75;62;63m𜴣[38;2;70;57;57;48;2;48;38;37m🬐[38;2;39;29;27;48;2;28;19;17m𜺣[38;2;28;19;17;48;2;27;18;16m˙[38;2;33;24;22;48;2;28;19;17m𜴘[38;2;25;16;13m𜺨[48;2;27;18;16m🭷[38;2;28;19;17;48;2;25;15;13m🭟[38;2;28;19;16;48;2;23;14;10m=[38;2;25;16;13;48;2;27;19;16m▎[38;2;20;12;8;48;2;24;14;11m𜴺[38;2;24;14;11;48;2;27;17;15m🭚[38;2;24;16;13;48;2;18;11;7m𜶰[38;2;20;13;9;48;2;26;17;15m🭚[38;2;18;11;7;48;2;25;16;13m𜵱[38;2;24;14;11;48;2;27;18;15m🭇[38;2;42;32;30;48;2;29;20;18m🮇[38;2;65;54;53;48;2;101;91;97m▌[38;2;110;101;108;48;2;118;110;119m🬏[38;2;116;109;119;48;2;112;104;112m🭋[38;2;117;111;121;48;2;120;114;126m𜴶[38;2;114;105;112;48;2;119;113;124m🬁[38;2;117;111;122;48;2;113;104;111m🬓[38;2;109;103;112;48;2;116;111;124m𜶅[38;2;130;124;139;48;2;122;116;128m🭮[38;2;130;118;128;48;2;136;130;145m⠁[38;2;126;117;128m🭇[38;2;123;119;132;48;2;113;108;120m▍[38;2;119;118;135;48;2;115;111;124m🮈[38;2;138;134;152;48;2;131;128;145m▗[38;2;139;140;163;48;2;137;131;147m▔[38;2;137;131;147;48;2;139;139;162m𜶿[38;2;140;141;165;48;2;139;140;164m˙[38;2;140;139;162;48;2;140;141;165m▁[38;2;137;138;161m▕[38;2;115;116;132;48;2;133;133;154m🭅[38;2;112;114;128;48;2;118;119;140m🬓[38;2;137;137;159;48;2;124;124;144m🭥[38;2;140;139;162;48;2;129;130;149m⠈[38;2;139;134;152;48;2;125;128;146m΄[0m[7m[38;2;125;128;147m⠀[0m[38;2;138;139;162;48;2;127;130;149m🭮[38;2;130;132;152;48;2;139;140;164m🮇[38;2;122;123;144;48;2;127;130;150m🭔[38;2;120;119;142;48;2;120;120;142m🭵[38;2;121;122;143;48;2;124;127;146m🭀[0m
[38;2;111;110;126;48;2;123;125;144m▍[38;2;120;120;142;48;2;124;127;146m▔▔[38;2;124;126;146;48;2;120;121;142m▍[38;2;119;119;141;48;2;112;112;128m🭬[38;2;111;113;127;48;2;114;116;132m🭟[38;2;113;115;130;48;2;119;119;140m🭗[38;2;119;119;141;48;2;112;113;128m🭑[38;2;110;109;124;48;2;114;114;132m🭔[38;2;110;107;124;48;2;111;113;127m🬂[38;2;116;117;135;48;2;111;111;126m🭇[38;2;119;119;140m🬭[38;2;109;107;122;48;2;115;114;129m𜴈[38;2;108;105;119;48;2;103;100;110m🭛[38;2;109;106;123;48;2;105;101;112m🬦[38;2;112;106;116;48;2;118;113;125m🬂[38;2;126;116;127m▄[38;2;116;112;125m⠂[38;2;126;116;127;48;2;119;114;126m🮇[38;2;120;114;126;48;2;130;118;128m🭅[38;2;125;116;127;48;2;120;114;126m⢀[38;2;114;106;114;48;2;118;114;126m🮈[38;2;105;100;109;48;2;112;103;110m𜴉[38;2;102;89;93m🮇[38;2;77;66;67;48;2;38;30;27m▍[38;2;22;14;11;48;2;15;9;4m𜺣[0m[7m[38;2;15;9;4m⠀[0m[38;2;22;13;10;48;2;15;9;4m▁[38;2;15;9;4;48;2;14;9;4m˙[48;2;14;9;3m˙[38;2;17;10;6;48;2;31;22;20m🭟[38;2;41;31;29;48;2;75;58;57m🭚[38;2;73;56;55;48;2;99;66;64m🭗[38;2;88;55;52;48;2;94;62;60m𜴡[38;2;97;66;65;48;2;83;52;48m▄[38;2;105;75;75;48;2;85;56;53m🬭[38;2;102;70;68;48;2;77;44;37m🭑[38;2;87;66;67;48;2;46;29;25m▂[38;2;60;46;45;48;2;38;28;25m𜶭[38;2;84;71;73;48;2;52;42;40m𜶮[38;2;59;46;45;48;2;90;74;76m𜴫[38;2;50;40;38;48;2;77;63;63m𜴧[38;2;89;76;77;48;2;65;53;53m𜴆[38;2;78;64;64;48;2;62;51;51m𜴫[38;2;76;59;59;48;2;58;46;45m𜴧[38;2;71;58;57;48;2;47;36;34m𜴉[38;2;40;29;26;48;2;30;20;18m🬏[38;2;28;19;17;48;2;27;18;16m˙[0m[7m[38;2;28;19;17m⠀[0m[38;2;25;16;13;48;2;27;18;16m𜺨[0m[7m[38;2;28;19;17m⠀[0m[38;2;27;18;16;48;2;24;14;11m🭑[38;2;17;10;6;48;2;24;15;12m🭭[38;2;25;16;13;48;2;27;19;16m▎[38;2;26;16;14;48;2;18;11;7m🬠[38;2;22;13;10;48;2;26;17;15m𜵵[38;2;16;10;5;48;2;26;17;14m🬂[38;2;20;12;8;48;2;25;15;13m𜶐[38;2;24;15;12;48;2;19;11;7m𜴃[38;2;21;13;9;48;2;25;16;13m🬼[38;2;28;19;17;48;2;24;14;11m🮈[38;2;86;73;76;48;2;45;34;33m🭦[38;2;103;95;101;48;2;120;112;122m▎[38;2;119;114;126;48;2;113;105;114m🬁[38;2;116;109;119;48;2;117;112;125m┗[38;2;111;105;116;48;2;118;113;125m🭈[38;2;114;110;125;48;2;111;104;113m🬀[38;2;112;106;116;48;2;110;103;111m𜴷[38;2;111;105;116;48;2;119;114;126m🬓[38;2;123;116;127;48;2;136;129;144m🭑[38;2;126;120;133;48;2;135;129;143m🭿[38;2;121;114;125;48;2;112;109;124m▍[38;2;115;111;124;48;2;120;118;136m🭍[38;2;129;127;145;48;2;120;118;137m𜴅[38;2;120;118;135;48;2;135;130;146m▄[38;2;118;118;136m▄[38;2;117;118;136m▄[38;2;118;118;136;48;2;133;130;146m▄[38;2;119;119;138;48;2;134;131;149m🭑[38;2;118;119;139;48;2;111;112;127m▍[38;2;111;114;127;48;2;110;108;124m▘[38;2;114;116;132;48;2;122;124;144m🭑[38;2;120;121;140;48;2;127;127;145m𜶜[38;2;119;119;140;48;2;124;126;146m𜶜[38;2;116;117;135;48;2;124;127;146m▄[38;2;116;117;136;48;2;125;127;147m▖[38;2;138;139;163m🬂[38;2;126;128;148;48;2;116;117;135m▘[38;2;119;119;141;48;2;112;114;129m🭔[38;2;124;127;146;48;2;120;121;142m🬉[0m
[38;2;120;122;141;48;2;110;109;124m🭖[48;2;125;128;147m [38;2;125;129;147m🮇[38;2;116;117;135;48;2;121;122;143m𜺫[38;2;111;114;128;48;2;111;110;126m🮈[38;2;117;118;138;48;2;111;113;127m🮈[38;2;120;121;142;48;2;117;118;137m🭕[38;2;117;118;137;48;2;123;124;145m𜴈[38;2;122;123;143;48;2;115;117;134m𜶼[38;2;120;121;140;48;2;113;114;130m🬚[38;2;114;115;131;48;2;118;119;139m𜴙[38;2;115;116;133;48;2;119;119;140m🬢[38;2;108;106;117;48;2;112;114;128m🮈[38;2;109;106;122;48;2;105;102;114m𜴘[38;2;107;104;117;48;2;111;108;123m╸[38;2;120;114;126;48;2;115;111;124m🭃[38;2;123;115;126;48;2;130;118;128m🮇[38;2;124;116;127;48;2;119;114;126m΄[38;2;126;116;127;48;2;120;114;126m▗[38;2;125;116;127;48;2;119;114;126m▎[38;2;115;111;125m🬏[38;2;113;105;114;48;2;120;114;126m🮈[38;2;118;112;124;48;2;111;103;111m_[38;2;88;77;79;48;2;102;95;103m🮈[38;2;68;58;58;48;2;48;36;34m▍[38;2;31;22;19;48;2;15;9;4m▍[38;2;15;9;4;48;2;19;11;7m🭝[38;2;23;13;10;48;2;16;9;4m𜴅[38;2;19;11;7;48;2;15;9;4m⠆[38;2;20;12;8m▗[38;2;45;33;31;48;2;22;14;11m🭉[38;2;58;43;41;48;2;90;60;58m▍[38;2;102;71;69;48;2;95;61;58m🭗[38;2;85;62;61;48;2;96;62;60m🬁[38;2;86;62;61;48;2;97;63;60m𜴀[38;2;82;55;52;48;2;100;70;68m𜴆[38;2;102;74;74;48;2;72;55;55m𜴸[38;2;98;79;80;48;2;46;34;32m🬂[38;2;37;27;25;48;2;81;64;64m🬭[38;2;43;33;31;48;2;64;52;52m🬽[38;2;88;76;78;48;2;69;56;57m𜴩[38;2;52;40;38;48;2;81;64;64m𜴆[38;2;59;46;47;48;2;79;66;66m━[38;2;60;50;49;48;2;73;60;60m𜶞[38;2;39;29;28;48;2;57;45;45m⎽[38;2;55;45;45;48;2;39;28;26m𜴣[38;2;44;32;30;48;2;28;19;17m🭬[38;2;24;14;11;48;2;27;18;16m▁[38;2;28;19;17m˙[0m[7m[38;2;28;19;17m⠀[0m[38;2;24;14;11;48;2;27;18;16m▗[38;2;20;11;8;48;2;26;17;15m▂[38;2;15;9;4;48;2;24;15;13m𜷓[48;2;25;16;13m▄[38;2;22;13;10;48;2;16;9;5m𜴉[38;2;23;15;12;48;2;15;9;4m𜺫[38;2;23;14;10m𜴅[38;2;23;13;10;48;2;16;10;5m🭕[38;2;17;10;5;48;2;24;14;11m🭊[38;2;18;11;6;48;2;23;14;11m𜴍[38;2;27;18;16;48;2;24;14;11m▝[38;2;59;47;46;48;2;33;23;21m🭤[38;2;108;100;107;48;2;75;65;66m🭖[38;2;113;104;112;48;2;117;111;122m𜷓[38;2;115;104;110;48;2;111;106;120m𜵡[38;2;118;113;125;48;2;112;104;113m_[38;2;117;111;122;48;2;113;105;112m𜺠[38;2;128;116;126;48;2;114;109;120m🬭[38;2;126;118;132;48;2;118;114;126m🬭[38;2;112;108;121;48;2;118;114;128m🭖[38;2;113;109;120;48;2;125;117;130m🬭[38;2;119;115;129;48;2;110;106;119m▘[38;2;117;112;127;48;2;106;103;117m🭖[38;2;134;129;145;48;2;127;121;136m🭅[38;2;137;137;159;48;2;131;128;145m𜴂[38;2;132;129;146;48;2;125;127;146m𜵢[38;2;132;130;146;48;2;123;124;144m╸[38;2;118;119;140;48;2;129;128;146m▂[38;2;135;130;146;48;2;118;118;137m🬄[38;2;111;110;125;48;2;117;117;136m𜷖[38;2;111;111;126;48;2;110;108;123m┙[38;2;128;127;146;48;2;114;116;130m🬉[38;2;120;120;141;48;2;126;128;147m🭊[38;2;124;127;146;48;2;120;120;142m🮂[38;2;125;128;147;48;2;120;121;142m🬂[38;2;134;130;146;48;2;123;124;144m▝[38;2;137;133;151;48;2;126;128;146m🬂[38;2;119;119;140;48;2;125;127;146m🮈[38;2;114;115;131;48;2;120;120;141m▖[38;2;123;125;145;48;2;120;120;142m▝[0m
[38;2;107;105;118;48;2;119;120;140m▌[38;2;119;119;141;48;2;124;128;147m▂[38;2;122;123;144;48;2;125;128;147m▁[38;2;113;114;130;48;2;121;121;142m🭈[38;2;114;114;131;48;2;111;111;126m▏[38;2;116;117;135;48;2;111;110;126m▕[38;2;117;118;136;48;2;121;122;143m𜵁[38;2;122;123;144;48;2;124;127;146m🭦[38;2;123;125;145;48;2;120;120;142m🬏[38;2;124;127;146;48;2;120;121;142m🭃[38;2;123;126;145;48;2;120;120;142m▎[38;2;116;115;135m🮇[38;2;114;112;131;48;2;109;106;121m𜴉[38;2;104;101;112;48;2;108;105;119m🬉[38;2;111;108;124m🬍[38;2;125;116;127;48;2;118;113;125m🬁[38;2;128;117;127;48;2;121;115;126m🭭[38;2;114;110;124;48;2;119;114;126m𜴃[38;2;127;117;127;48;2;119;114;125m▁[38;2;128;117;127;48;2;119;114;126m🭇[38;2;130;118;128;48;2;120;114;126m𜷓[38;2;124;111;117;48;2;122;115;126m+[38;2;112;103;111;48;2;116;112;124m🭈[38;2;96;89;94;48;2;78;65;65m▌[38;2;63;52;52;48;2;48;37;35m𜴍[38;2;33;24;22;48;2;23;15;12m▎[38;2;23;13;10;48;2;19;11;7m𜶊[38;2;17;10;5;48;2;25;16;13m🭣[38;2;19;12;8;48;2;26;17;15m🭣[38;2;16;10;5;48;2;23;13;11m▘[38;2;48;37;36;48;2;30;20;18m🮈[38;2;84;55;52;48;2;62;49;49m🭖[38;2;97;63;59;48;2;90;56;54m𜴿[38;2;91;57;54;48;2;99;64;60m🮀[38;2;92;58;54;48;2;100;67;64m𜶮[38;2;76;47;42;48;2;99;67;65m▂[38;2;54;37;34;48;2;83;62;61m🭊[38;2;28;18;16;48;2;47;35;34m🭃[38;2;28;19;17;48;2;24;14;11m𜴔[38;2;35;25;23;48;2;50;40;38m𜷂[38;2;47;36;34;48;2;70;56;55m𜶮[38;2;46;36;35;48;2;75;62;63m𜶮[38;2;73;59;59;48;2;56;45;44m𜴧[38;2;64;52;52;48;2;56;46;45m𜴓[38;2;61;49;49;48;2;44;33;31m𜷂[38;2;51;41;39;48;2;33;23;21m𜴸[38;2;39;27;24;48;2;25;16;13m▁[38;2;27;18;15;48;2;22;13;10m𜴺[38;2;17;10;5;48;2;24;15;12m🬭[38;2;19;11;7;48;2;26;17;14m▁[38;2;20;11;8;48;2;25;16;13m𜴡[38;2;25;16;13;48;2;15;9;4m▁[38;2;17;11;7m¸[38;2;19;11;7m▁[0m[7m[38;2;15;9;4m⠀⠀⠀[0m[38;2;21;12;9;48;2;15;9;4m𜺫[38;2;22;13;9m🮂[38;2;24;14;11m🮂[38;2;18;10;6;48;2;24;14;11m𜵋[38;2;37;26;24;48;2;28;19;16m🭢[38;2;93;82;85;48;2;54;43;41m🭦[38;2;98;86;90;48;2;116;105;113m🬼[38;2;114;105;113;48;2;123;107;111m🭦[38;2;118;106;112;48;2;112;108;121m▂[38;2;124;116;127;48;2;117;111;123m🬉[38;2;128;124;141;48;2;123;116;129m𜴈[38;2;118;115;128;48;2;126;122;139m𜷓[38;2;113;111;124;48;2;111;105;113m🬐[38;2;110;106;118;48;2;109;103;111m🮀[38;2;109;106;122;48;2;104;101;112m🭥[38;2;115;110;124;48;2;105;102;114m🮈[38;2;132;127;141;48;2;119;114;126m▝[38;2;136;130;144;48;2;126;117;128m▘[38;2;119;116;130;48;2;120;121;142m𜶿[38;2;116;114;127;48;2;119;119;141m𜶻[38;2;120;120;141;48;2;114;115;131m𜴍[38;2;120;121;141m■[38;2;112;113;127;48;2;110;107;123m🭗[38;2;105;102;115m_[38;2;120;121;141;48;2;111;112;127m𜴃[38;2;119;119;141;48;2;114;116;132m🭦[0m[7m[38;2;120;120;142m⠀[0m[38;2;121;120;143;48;2;120;120;142m▁[38;2;128;129;146;48;2;121;121;143m🭢[38;2;121;121;143;48;2;124;127;146m🬼[38;2;117;117;137;48;2;124;126;146m🮇[38;2;118;118;138;48;2;112;113;128m🭤[38;2;117;118;137;48;2;121;122;143m🬼[0m
[38;2;110;108;124;48;2;111;113;127m𜺣[38;2;117;117;136;48;2;112;114;128m▔[38;2;118;118;139m▔[38;2;118;118;137;48;2;111;113;127m΄[38;2;106;104;117;48;2;111;112;126m𜺠[38;2;108;107;119;48;2;111;111;126m╻[38;2;115;116;133;48;2;112;114;127m🭢[38;2;118;118;139;48;2;112;114;128m▔[38;2;118;118;138m▔[38;2;120;120;142;48;2;112;113;128m🮂[38;2;119;119;140;48;2;112;114;128m🭘[38;2;117;117;137;48;2;111;113;127m▔[38;2;106;103;115;48;2;110;107;123m▄[38;2;104;101;112m▗[38;2;107;105;117;48;2;110;109;124m🬼[38;2;114;106;115;48;2;111;109;124m𜴡[38;2;112;105;114;48;2;118;113;124m🬿[38;2;109;104;116;48;2;120;114;126m🭊[38;2;125;116;126;48;2;112;104;112m🬂[38;2;122;115;127;48;2;115;109;120m⠩[38;2;127;116;126;48;2;114;105;112m🬂[38;2;110;104;113;48;2;119;112;122m🭄[38;2;85;73;75;48;2;109;101;108m🭉[38;2;42;32;30;48;2;78;66;67m🭃[38;2;29;20;18;48;2;37;27;24m𜴆[38;2;40;29;27;48;2;28;18;16m▄[38;2;28;19;17;48;2;36;25;22m🭔[38;2;41;29;27;48;2;29;20;18m▝[38;2;26;16;14;48;2;32;23;21m𜶻[38;2;28;19;17;48;2;25;15;12m🭛[38;2;39;28;26;48;2;27;17;15m🮇[38;2;73;50;47;48;2;50;38;36m▝[38;2;57;43;42;48;2;81;51;47m𜷋[38;2;41;29;26;48;2;70;46;42m𜷓[38;2;17;10;6;48;2;59;33;27m🭂[38;2;44;25;19;48;2;19;11;7m▔[38;2;28;18;16m🮂[38;2;20;12;8;48;2;15;9;4m🭙[38;2;18;10;6;48;2;23;14;11m━[38;2;36;26;24;48;2;24;16;13m🮈[38;2;69;55;55;48;2;49;37;36m🬁[38;2;52;41;39;48;2;69;55;54m𜵡[38;2;49;37;36;48;2;65;52;51m🬭[38;2;64;54;54;48;2;56;46;46m𜴞[38;2;42;31;30;48;2;60;49;48m𜴃[38;2;34;23;20;48;2;50;40;39m𜵼[38;2;20;12;8;48;2;36;26;23m𜴆[48;2;28;20;17m𜶯[38;2;21;12;8;48;2;15;9;4m🭗[38;2;14;8;3m˙[38;2;23;14;11;48;2;16;10;5m▔[38;2;15;9;4;48;2;24;15;13m𜴀[38;2;17;10;5;48;2;24;15;12m🬭[38;2;24;14;11;48;2;15;9;4m▘[0m[7m[38;2;15;9;4m⠀⠀⠀⠀⠀[0m[38;2;20;12;8;48;2;15;9;4m𜴃[38;2;22;13;10;48;2;16;9;5m▘[38;2;26;16;14;48;2;21;12;8m🮂[38;2;50;38;35;48;2;32;22;20m🭤[38;2;103;94;101;48;2;66;55;55m🭖[38;2;125;107;110;48;2;123;105;108m˙[38;2;125;108;111;48;2;119;113;125m▌[0m[7m[38;2;118;113;126m⠀[0m[38;2;110;107;123;48;2;118;113;125m🭇[38;2;117;113;126;48;2;110;107;123m🭜[38;2;117;112;125;48;2;110;108;124m▗[38;2;111;106;121;48;2;114;110;124m⠊[38;2;110;107;123;48;2;104;101;112m𜵈[38;2;104;100;110;48;2;109;105;119m🭛[38;2;111;107;117;48;2;116;112;125m🬼[38;2;110;107;123;48;2;118;114;126m▄[38;2;109;107;122;48;2;115;113;126m𜶻[38;2;116;114;126;48;2;110;108;123m▘[38;2;112;112;127;48;2;110;107;123m▔[38;2;112;114;128;48;2;110;108;124m🭥[38;2;111;112;127;48;2;110;107;123m▍[38;2;108;104;119;48;2;103;100;110m▎[38;2;103;100;111;48;2;110;108;124m𜶻[38;2;107;104;117;48;2;111;112;126m🬼[38;2;117;118;138m▔[38;2;109;106;121;48;2;113;115;131m▄[38;2;108;106;120;48;2;117;118;137m🬭[38;2;111;110;126;48;2;120;120;142m▄[38;2;111;111;126;48;2;118;119;139m🭄[38;2;105;101;113;48;2;109;107;122m🭯[38;2;112;113;128;48;2;118;118;138m🭍[0m
[38;2;111;110;125;48;2;110;107;123m🭤[38;2;110;108;124;48;2;111;113;127m𜷓[38;2;112;113;128;48;2;110;108;123m▔[38;2;111;110;125m╸[38;2;105;102;113;48;2;110;109;124m𜶖[38;2;106;103;115m¯[38;2;113;115;129;48;2;112;114;128m΄[0m[7m[38;2;112;114;128m⠀⠀⠀⠀[0m[38;2;112;113;127;48;2;111;114;127m⠈[38;2;104;101;111;48;2;110;110;124m🭤[38;2;109;106;121;48;2;104;101;112m▗[38;2;111;111;127;48;2;110;107;123m⠈[38;2;112;106;115;48;2;111;111;126m▔[38;2;112;106;116;48;2;112;111;125m¯[38;2;113;106;117;48;2;111;103;111m▏[38;2;117;110;120;48;2;113;104;111m𜴉[0m[7m[38;2;113;104;111m⠀[0m[38;2;110;106;118;48;2;112;103;111m𜺣[38;2;105;101;110m𜴈[38;2;60;48;47;48;2;98;91;98m🮈[38;2;39;28;26;48;2;33;24;22m𜺫[38;2;31;22;20;48;2;39;28;26m▄[38;2;42;29;26;48;2;29;20;18m▔[38;2;30;21;19;48;2;28;19;17m⠂[38;2;25;15;12m🬏[38;2;26;16;14;48;2;34;24;22m🭝[38;2;34;25;23;48;2;24;15;12m▂[38;2;38;27;24;48;2;25;17;14m𜺫[38;2;38;27;25;48;2;15;9;4m🬂[38;2;43;32;29;48;2;17;10;6m🮂[38;2;30;21;18;48;2;15;9;4m🭗[0m[7m[38;2;15;9;4m⠀[0m[38;2;22;13;10;48;2;15;9;4m⠈[38;2;23;14;10;48;2;16;10;5m𜶬[38;2;18;11;7;48;2;24;15;12m🬄[38;2;26;16;13;48;2;24;14;11m▏[38;2;36;26;23;48;2;25;16;13m🭮[38;2;37;26;24;48;2;48;36;35m🬭[38;2;65;53;52;48;2;48;37;35m🭢[38;2;69;56;56;48;2;51;41;40m𜵳[38;2;52;41;39;48;2;66;52;52m🬩[38;2;47;37;36;48;2;63;51;50m▄[38;2;51;42;42;48;2;39;29;27m▼[38;2;53;42;40;48;2;35;25;23m𜴆[38;2;29;19;16;48;2;19;12;8m🭼[38;2;25;16;14;48;2;18;11;6m🭥[38;2;19;12;8;48;2;25;15;12m𜵇[38;2;23;13;10;48;2;18;11;7m🭝[48;2;15;9;4m🬂[38;2;23;14;11;48;2;16;10;5m𜷋[38;2;21;12;8;48;2;15;9;4m▂[0m[7m[38;2;15;9;4m⠀⠀⠀⠀⠀⠀⠀[0m[38;2;16;10;5;48;2;22;13;9m🭛[38;2;24;14;11;48;2;18;11;6m𜴅[38;2;55;45;44;48;2;31;22;19m🮇[38;2;82;70;71;48;2;109;100;108m▍[38;2;115;105;112;48;2;111;107;122m𜴇[38;2;110;107;123;48;2;117;112;125m🭏[38;2;118;113;126;48;2;110;107;123m🬀[38;2;116;112;125m▗[38;2;118;113;125m▂[38;2;117;112;124;48;2;111;108;123m🭾[38;2;114;110;124;48;2;111;107;122m𜵆[38;2;107;104;118;48;2;109;106;122m⠈[38;2;107;104;114;48;2;110;107;123m΄[0m[7m[38;2;110;107;123m⠀[0m[38;2;105;102;114;48;2;110;108;123m¯[0m[7m[38;2;110;107;123m⠀⠀⠀[0m[38;2;111;110;125;48;2;109;106;122m𜺨[38;2;104;101;113m▔[38;2;103;100;110;48;2;109;107;122m▔[38;2;105;102;114;48;2;109;106;123m΄[38;2;109;106;120;48;2;109;106;122m🮣[38;2;105;102;114;48;2;109;106;121m╼[38;2;111;108;124;48;2;110;107;123m·[38;2;111;110;125;48;2;110;106;123m🬽[38;2;112;112;126;48;2;110;107;123m⠂[38;2;104;101;111;48;2;109;106;121m𜵲[48;2;108;106;120m▂[0m
[7m[38;2;110;107;123m⠀[0m[38;2;111;111;126;48;2;110;107;123m𜺫[38;2;111;112;127m🮂[38;2;106;104;116;48;2;111;110;125m_[38;2;111;112;127;48;2;110;107;123m𜺣[0m[7m[38;2;110;107;123m⠀[0m[38;2;111;113;127;48;2;110;107;123m🬂[38;2;112;114;128m🬂[48;2;110;108;124m🬂[38;2;111;110;125;48;2;112;114;128m╸[38;2;112;114;128;48;2;111;110;125m🭝[38;2;110;109;124;48;2;112;113;127m▂[38;2;108;105;119;48;2;110;108;124m▮[48;2;110;107;123m [0m[7m[38;2;110;107;123m⠀⠀[0m[38;2;115;111;125;48;2;110;107;123m⠈[38;2;112;109;123;48;2;113;105;114m🭼[38;2;117;110;120;48;2;110;103;111m╸[38;2;113;104;111;48;2;113;103;111m˙[38;2;111;106;119;48;2;111;104;112m🬦[38;2;111;106;118;48;2;112;104;113m▮[38;2;62;50;49;48;2;100;92;98m🭦[38;2;53;42;40;48;2;32;23;21m🬾[38;2;24;14;11;48;2;27;18;16m🬓[38;2;27;18;16;48;2;25;15;12m🬭[38;2;26;16;13;48;2;33;24;22m𜷂[38;2;23;14;11;48;2;30;21;18m▂[38;2;46;35;33;48;2;27;18;15m🬍[38;2;39;28;26;48;2;18;11;7m🭜[38;2;24;16;13;48;2;15;9;4m🭗[0m[7m[38;2;15;9;4m⠀⠀⠀⠀⠀[0m[38;2;24;14;11;48;2;16;9;5m▔[38;2;15;9;4;48;2;24;15;12m𜴣[48;2;23;14;11m🭑[38;2;31;22;20;48;2;21;13;10m🬠[38;2;36;26;24;48;2;51;40;39m🭬[38;2;48;36;34;48;2;59;47;46m𜴫[38;2;59;49;48;48;2;48;37;35m𜶭[38;2;51;40;39;48;2;58;48;48m𜴇[38;2;45;34;32;48;2;58;47;46m𜴆[38;2;45;31;28;48;2;55;44;43m𜴆[38;2;39;28;25;48;2;53;44;42m𜴆[38;2;41;31;28;48;2;27;18;15m𜵅[38;2;25;16;14;48;2;15;9;5m🮂[38;2;24;14;12;48;2;15;9;4m▔[38;2;22;13;10m🭭[38;2;19;12;8m΄[38;2;22;13;9m🬂[38;2;16;10;5m¯[38;2;20;12;8;48;2;16;9;4m𜺣[38;2;19;12;8;48;2;15;9;4m🬞[0m[7m[38;2;15;9;4m⠀⠀⠀[0m[38;2;21;12;8;48;2;15;9;4m𜴘[38;2;23;14;11;48;2;17;10;5m▁▍[38;2;19;11;7;48;2;24;14;11m▎[38;2;79;66;67;48;2;40;30;28m🭋[38;2;95;82;85;48;2;113;104;112m▏[38;2;116;113;126;48;2;112;109;124m𜴧[38;2;113;105;115;48;2;115;110;123m┓[38;2;118;113;125;48;2;111;108;123m🬦[38;2;110;106;119;48;2;114;109;123m𜴜[38;2;115;111;123;48;2;118;113;125m🮢[48;2;119;114;126m [38;2;110;108;124;48;2;115;114;127m𜴡[0m[7m[38;2;110;107;123m⠀⠀[0m[38;2;110;109;124;48;2;110;107;123m⠈[38;2;112;113;128m¯[0m[7m[38;2;110;107;123m⠀⠀⠀[0m[38;2;105;101;113;48;2;109;107;122m𜺫[38;2;105;102;113;48;2;110;107;123m🮂[38;2;109;106;121m΄[0m[7m[38;2;110;107;123m⠀[0m[38;2;106;103;116;48;2;110;107;123m𜺨[0m[7m[38;2;110;107;123m⠀⠀[0m[38;2;110;107;123;48;2;111;111;126m🭍[38;2;111;113;127;48;2;110;107;123m🬀[38;2;103;100;109;48;2;109;106;121m⠈[38;2;104;101;113;48;2;110;107;123m𜴸[0m
[38;2;104;101;112;48;2;109;106;122m🬭[38;2;110;107;123;48;2;105;102;114m🬂[38;2;110;107;122;48;2;104;101;112m🭜[38;2;109;106;121;48;2;105;102;113m𜵉[38;2;110;107;122;48;2;103;101;111m🬁[38;2;110;107;123;48;2;103;100;111m🬂🬂[38;2;109;106;121;48;2;103;100;110m🮂[38;2;104;102;112;48;2;109;106;122m🭼[38;2;103;100;111;48;2;109;107;122m🬭[38;2;109;107;122;48;2;104;101;112m🭜[38;2;110;107;123;48;2;104;101;113m🬂[48;2;103;100;111m🬂[38;2;110;107;122m🬂[38;2;109;106;121;48;2;103;100;110m🭭[38;2;110;107;122;48;2;103;100;111m🬂[38;2;110;107;123m🬂[38;2;111;107;123m🬂[38;2;112;108;121;48;2;107;102;111m𜵱[38;2;105;101;111;48;2;112;103;110m𜷓[38;2;113;104;111;48;2;104;100;110m🬉[38;2;101;92;97;48;2;110;103;111m🬦[38;2;107;91;94;48;2;110;101;107m🭋[38;2;87;74;75;48;2;56;42;41m▌[38;2;28;18;16;48;2;39;29;26m🭔[38;2;24;14;11;48;2;27;18;16m🭄[0m[7m[38;2;24;14;11m⠀[0m[38;2;20;12;8;48;2;17;10;6m🮛[38;2;15;9;4;48;2;22;13;9m🭖[48;2;14;9;4m˙[38;2;19;11;7;48;2;15;9;4m˛[0m[7m[38;2;15;9;4m⠀[0m[38;2;22;15;11;48;2;15;9;4m_[38;2;15;9;4;48;2;14;9;3m˙[48;2;15;9;4m [38;2;22;13;10m▗[38;2;19;11;7;48;2;23;14;10m🬄[38;2;16;10;5;48;2;23;15;12m🬄[38;2;23;14;11;48;2;16;10;5m𜶓[38;2;20;13;9;48;2;28;19;17m𜷂[38;2;48;38;37;48;2;35;25;23m🬩[38;2;68;54;54;48;2;49;38;37m𜶜[38;2;71;56;56;48;2;50;39;38m𜵡[38;2;60;51;51;48;2;53;42;41m𜴔[38;2;61;49;48;48;2;48;36;33m𜴆[38;2;56;45;44;48;2;42;31;30m𜵼[38;2;52;42;42;48;2;43;32;30m𜶯[38;2;51;40;40;48;2;35;25;23m🬏[38;2;30;21;18;48;2;21;13;9m𜴔[38;2;16;10;5;48;2;24;14;11m🬽[48;2;24;15;13m🬭[38;2;17;10;5;48;2;23;13;10m𜵳[38;2;20;12;8;48;2;15;9;4m╸[38;2;21;12;9;48;2;16;9;4m🬚[38;2;16;10;5;48;2;23;14;10m🬽[38;2;20;12;8;48;2;16;9;4m🬭[38;2;15;9;4;48;2;23;13;10m🬁[38;2;22;13;10;48;2;16;10;5m𜴧[38;2;25;16;13;48;2;16;9;5m𜴉[38;2;21;12;9;48;2;15;9;4m🭮[38;2;24;14;11;48;2;18;10;6m🭝[38;2;15;9;4;48;2;25;16;13m🭃[38;2;28;18;16;48;2;21;12;9m🭋[38;2;43;32;30;48;2;76;63;64m▌[38;2;99;88;92;48;2;113;104;111m▎[38;2;118;113;125;48;2;114;106;114m🭝[38;2;113;105;112;48;2;117;112;124m🬼[38;2;117;110;119;48;2;119;114;125m🬞[38;2;114;114;127;48;2;119;114;126m▁[38;2;113;114;127m🬭[38;2;117;114;126;48;2;112;114;128m▍[38;2;111;112;126;48;2;113;114;128m▕[38;2;109;109;122;48;2;111;110;125m_[38;2;110;107;123;48;2;112;113;127m🬂[48;2;111;113;127m🬂[0m[7m[38;2;110;107;123m⠀[0m[38;2;106;103;115;48;2;109;107;123m╺[38;2;111;108;124;48;2;110;107;123m⠄[38;2;111;113;127m🬭[38;2;111;112;126m🬏[0m[7m[38;2;110;107;123m⠀⠀⠀⠀⠀[0m[38;2;111;112;127;48;2;110;107;123m🬞[38;2;111;108;124m⠠[38;2;103;100;111;48;2;109;106;121m𜶜[38;2;110;107;123;48;2;103;100;111m🬂🬂[0m
[38;2;108;105;119;48;2;103;100;111m⢀[38;2;102;100;109;48;2;103;100;109m⡁[38;2;104;101;112;48;2;103;100;110m⠈[38;2;106;103;115m΄[0m[7m[38;2;103;100;110m⠀⠀⠀⠀[0m[38;2;0;0;0;48;2;103;100;109m [0m[7m[38;2;103;100;110m⠀[0m[38;2;106;104;117;48;2;103;100;110m΄[0m[7m[38;2;103;100;110m⠀⠀⠀⠀⠀⠀⠀[0m[38;2;107;104;118;48;2;103;100;110m🭢[38;2;105;101;111;48;2;108;105;119m🬚[38;2;110;94;99;48;2;109;102;113m𜴝[38;2;100;91;96;48;2;106;99;108m𜺫[38;2;100;91;97;48;2;103;99;108m𜴀[38;2;81;68;69;48;2;102;94;100m🭤[38;2;87;74;76;48;2;49;38;37m🬿[38;2;97;77;78;48;2;35;25;22m▂[38;2;96;84;87;48;2;32;22;19m▂[38;2;86;76;79;48;2;28;20;17m▂[38;2;88;74;76;48;2;29;20;17m▂[38;2;92;82;85;48;2;31;22;19m🬭[38;2;83;71;72;48;2;32;22;19m▄[38;2;19;12;8;48;2;39;29;27m🭔[38;2;23;14;11;48;2;17;10;6m𜶑[38;2;20;12;8;48;2;24;14;11m▔[38;2;17;10;5;48;2;23;13;10m🮇[38;2;22;13;10;48;2;16;9;4m𜶭[38;2;18;11;6;48;2;24;14;11m🭿[38;2;19;12;8;48;2;16;9;5m¯[38;2;15;9;4;48;2;21;12;8m▍[38;2;21;14;10;48;2;14;9;4m𜺫[38;2;27;18;15;48;2;39;29;26m▍[38;2;57;48;47;48;2;49;38;36m𜴆[38;2;63;51;49;48;2;49;37;35m𜴆[38;2;51;39;38;48;2;56;46;46m𜶐[38;2;57;47;47;48;2;50;38;37m▘[38;2;42;32;30;48;2;54;44;44m𜴯[38;2;51;40;39;48;2;45;34;32m𜴠[38;2;37;28;25;48;2;49;38;37m🮂[38;2;38;28;25;48;2;28;19;16m▍[38;2;16;10;5;48;2;24;14;11m𜴂[38;2;18;11;6;48;2;23;14;10m🭇[38;2;16;9;5;48;2;21;12;9m🭕[38;2;23;13;10;48;2;15;9;4m🭈[38;2;25;17;14;48;2;16;10;5m▖[38;2;14;9;3;48;2;15;9;4m⠈[0m[7m[38;2;15;9;4m⠀[0m[38;2;18;11;6;48;2;15;9;4m▔[38;2;14;9;4m⠁[38;2;14;9;3m⠁[38;2;21;13;9;48;2;14;9;3m🮈[38;2;16;10;5;48;2;24;14;11m𜺫[38;2;21;12;9;48;2;14;9;4m𜶿[38;2;34;25;23;48;2;25;16;13m🬦[38;2;62;49;49;48;2;39;28;26m🭦[38;2;74;60;60;48;2;103;89;93m🬿[38;2;88;66;66;48;2;114;99;104m▂[38;2;103;82;83;48;2;114;103;109m▂[38;2;115;99;104;48;2;117;110;120m🬾[38;2;113;107;116;48;2;114;113;127m🭬[38;2;116;114;127;48;2;112;114;128m🬼[0m[7m[38;2;112;114;128m⠀[0m[38;2;112;114;128;48;2;111;113;127m˙[38;2;105;103;114;48;2;111;114;128m𜺨[0m[7m[38;2;112;114;128m⠀⠀[0m[38;2;111;113;127;48;2;110;108;124m🭍[38;2;111;112;127;48;2;110;107;123m𜵈[38;2;111;111;126m⢠[38;2;111;113;127;48;2;110;109;124m𜶀[38;2;111;112;127;48;2;110;107;123m⡀[0m[7m[38;2;110;107;123m⠀[0m[38;2;112;113;127;48;2;110;107;123m⡀[38;2;111;111;126m𜺫[38;2;111;113;127m🬭[38;2;111;112;126m🬽[38;2;111;112;127m🬭[0m[7m[38;2;110;107;123m⠀[0m[38;2;108;105;120;48;2;103;100;110m▏[0m[7m[38;2;103;100;110m⠀⠀[0m
[38;2;107;104;118;48;2;103;100;110m🬂[0m[7m[38;2;103;100;110m⠀⠀⠀⠀⠀⠀⠀⠀⠀⠀⠀⠀⠀⠀⠀⠀⠀⠀[0m[38;2;109;106;122;48;2;103;100;110m🮈[38;2;110;107;123;48;2;109;103;113m▍[38;2;107;105;119;48;2;106;101;110m🭗[38;2;111;96;101;48;2;109;101;109m𜴊[38;2;117;98;102;48;2;112;103;110m¯[38;2;116;100;105m🭢[38;2;119;100;105;48;2;113;104;111m▔[38;2;117;104;109;48;2;117;96;99m𜶼[38;2;114;102;108;48;2;113;104;111m▏[38;2;117;93;95;48;2;115;100;106mł[38;2;109;100;106;48;2;113;104;112m🭇[38;2;55;44;42;48;2;96;84;87m🭋[38;2;39;28;26;48;2;22;14;10m▏[38;2;17;10;6;48;2;24;15;12m𜺣[38;2;24;14;11;48;2;23;13;11m˙[38;2;20;12;8;48;2;15;9;4m𜵅[38;2;21;12;9;48;2;16;10;5mĪ[38;2;14;8;3;48;2;14;9;4m˙[38;2;23;16;12;48;2;15;9;4m⠈[38;2;16;10;5;48;2;22;13;10m▌[48;2;15;9;4m˙[38;2;40;29;26;48;2;22;14;10m𜶑[38;2;55;45;44;48;2;38;28;27m🬭[38;2;55;45;45;48;2;41;30;29m▄[38;2;50;39;37;48;2;52;41;41mk[38;2;39;29;27;48;2;50;39;38m𜶖[38;2;47;36;35;48;2;35;25;23m𜵳[38;2;59;49;48;48;2;33;23;21m🬭[38;2;35;25;23;48;2;49;39;37m𜴍[38;2;39;29;27;48;2;57;47;46m🭦[38;2;35;25;23;48;2;27;17;14m🭮[38;2;31;21;19;48;2;23;14;10m▍[38;2;19;12;8;48;2;24;14;12m΄[38;2;25;14;12;48;2;24;14;11m΄[38;2;17;10;6;48;2;25;16;13m🭦[0m[7m[38;2;15;9;4m⠀⠀[0m[38;2;22;14;11;48;2;15;9;4m𜵎[48;2;16;9;4m𜴘[38;2;23;13;10;48;2;16;9;5m𜶀[38;2;15;9;4;48;2;21;12;8m𜴍[38;2;27;18;16;48;2;24;14;11m⡀[38;2;31;22;20;48;2;24;15;12m🭇[38;2;55;41;39;48;2;38;28;25m🭋[38;2;52;41;41;48;2;80;50;46m🮂[38;2;60;46;45;48;2;80;49;44m🬂[38;2;68;52;51;48;2;89;56;53m🬂[38;2;99;75;76;48;2;91;59;57m🭥[38;2;89;65;64;48;2;113;96;101m🬭[38;2;92;78;80;48;2;115;108;118m🬽[38;2;112;99;106;48;2;115;113;126m🬼[0m[7m[38;2;112;114;128m⠀⠀[0m[38;2;117;114;126;48;2;112;114;128m𜺣[0m[7m[38;2;112;114;128m⠀[0m[38;2;112;115;128;48;2;111;113;127m·[38;2;110;108;124m𜴆[38;2;111;112;127;48;2;110;108;123m𜵅[38;2;111;110;126;48;2;110;107;123m🭿[38;2;110;106;123;48;2;111;113;127m🮂[38;2;110;107;123m🮂𜴅🮂🮂[38;2;111;112;127;48;2;111;114;127m΄[38;2;112;115;128;48;2;112;114;128m⠨[38;2;110;108;124;48;2;111;113;127m╸🭋[38;2;107;104;117;48;2;103;100;109m▎[0m[7m[38;2;103;100;110m⠀⠀[0m
[38;2;103;100;110;48;2;103;100;109m˙[38;2;108;105;118;48;2;103;100;111m·[38;2;103;100;110;48;2;103;100;109m˙[0m[7m[38;2;103;100;110m⠀⠀⠀⠀[0m[38;2;106;103;115;48;2;103;100;110m⠐[38;2;105;102;114m⠂[0m[7m[38;2;103;100;110m⠀⠀⠀⠀⠀⠀⠀⠀⠀[0m[38;2;103;100;110;48;2;102;100;110m˙[38;2;109;106;120;48;2;104;101;112m🭅[38;2;111;106;117;48;2;112;104;112m╺[38;2;105;101;112;48;2;110;103;110m𜵓[38;2;117;94;97;48;2;111;103;110m⠁[38;2;112;105;114;48;2;113;104;111m_[0m[7m[38;2;113;104;111m⠀[0m[38;2;107;101;110;48;2;113;104;111m🭢[38;2;108;102;110m🭗[0m[7m[38;2;113;104;111m⠀[0m[38;2;113;105;112;48;2;113;104;111m¯[38;2;97;87;91;48;2;111;103;110m▕[38;2;72;61;62;48;2;34;25;23m▌[38;2;23;14;10;48;2;15;9;4m▌[38;2;22;14;11m🭢[38;2;22;13;10;48;2;25;16;13m𜷍[38;2;16;9;4;48;2;22;13;9m🬠[38;2;20;12;8;48;2;15;9;4m🭢[38;2;18;11;6;48;2;23;14;10m🭽[38;2;22;13;9;48;2;17;10;5m╻[38;2;16;9;5;48;2;24;14;11m▌[38;2;22;13;9;48;2;15;9;4m▎[38;2;28;19;16;48;2;18;11;7m🭢[38;2;34;23;21;48;2;22;13;9m🮀[38;2;44;32;30;48;2;26;18;15m🬠[38;2;46;34;32;48;2;57;46;46m🭬[38;2;67;54;54;48;2;51;40;39m𜷋[38;2;81;66;66;48;2;43;32;31m▂[38;2;87;77;79;48;2;62;51;50m▂[38;2;92;81;83;48;2;62;52;52m🬭[38;2;85;74;76;48;2;68;55;54m▄[38;2;44;34;33;48;2;69;57;56m🭣[38;2;51;40;39;48;2;39;28;26m𜵈[38;2;25;15;12;48;2;29;20;18m🭅[0m[7m[38;2;24;14;11m⠀[0m[38;2;25;14;12;48;2;23;14;11m╵[38;2;25;17;14;48;2;15;9;4m𜺣[0m[7m[38;2;15;9;4m⠀[0m[38;2;23;14;11;48;2;19;11;7m▼[38;2;14;8;3;48;2;14;9;3m⠂[0m[7m[38;2;15;9;4m⠀[0m[38;2;15;9;4;48;2;14;9;4m˙[48;2;22;13;10m𜴺[38;2;43;32;29;48;2;29;19;17m🬦[38;2;59;44;43;48;2;49;37;36m🬠[38;2;65;51;50;48;2;83;51;47m▄[38;2;74;54;53;48;2;79;50;45m🬏[38;2;85;53;50;48;2;80;50;45m🭢[38;2;88;55;52m𜶮[38;2;81;52;49;48;2;91;58;55m𜴎[38;2;83;61;61;48;2;97;80;82m𜴍[38;2;104;92;98;48;2;112;106;114m𜴍[38;2;113;107;115;48;2;112;114;127m𜵡[38;2;112;111;124;48;2;112;113;127m🮢[38;2;117;114;126;48;2;112;114;128m🬀[0m[7m[38;2;112;114;128m⠀⠀⠀[0m[38;2;112;115;128;48;2;112;114;128m⠈🮂[0m[7m[38;2;112;114;128m⠀⠀⠀⠀⠀⠀⠀[0m[38;2;116;114;127;48;2;112;114;128m𜴘[38;2;111;113;127;48;2;110;107;123m▍[38;2;108;105;119;48;2;103;100;110m🭬[38;2;102;100;109;48;2;103;100;109m⠠[38;2;109;106;120;48;2;104;101;111m+[0m
[38;2;109;106;121;48;2;103;100;110m🬏[0m[7m[38;2;103;100;110m⠀⠀[0m[38;2;107;104;117;48;2;103;100;110m𜺠[0m[7m[38;2;103;100;110m⠀⠀⠀⠀⠀⠀⠀⠀⠀[0m[38;2;106;103;115;48;2;103;100;110m🭺[0m[7m[38;2;103;100;110m⠀⠀⠀[0m[38;2;108;105;119;48;2;103;100;110m𜺠[38;2;110;107;122;48;2;104;101;112m🭿[38;2;105;101;113;48;2;110;106;122m🭥[38;2;110;107;122;48;2;110;104;112m𜶖[38;2;109;105;118;48;2;106;101;110m🭬[38;2;112;103;110;48;2;109;102;111m🭔[38;2;110;106;122;48;2;110;104;114m┃[38;2;113;104;111;48;2;113;104;110m˙[38;2;111;106;120;48;2;110;104;113m→[38;2;111;103;110;48;2;110;106;120m𜵈[38;2;117;111;122;48;2;113;104;112m🭯[38;2;111;106;119;48;2;112;104;111m🭈[38;2;83;77;82;48;2;110;103;112m🮇[38;2;51;41;39;48;2;21;14;10m▌[38;2;21;12;9;48;2;15;9;4m▌[38;2;25;16;13m🮇[38;2;25;15;12;48;2;16;9;5m▌[38;2;16;10;5;48;2;15;9;4m⠁[38;2;18;11;7;48;2;14;9;4m▕[38;2;14;9;4;48;2;22;13;9m𜶖[38;2;22;13;9;48;2;15;9;4m΄[38;2;26;17;15;48;2;19;12;7m_[38;2;23;13;10;48;2;15;9;4m΄[38;2;44;33;31;48;2;19;12;8m🮈[38;2;58;46;45;48;2;84;71;73m🭚[38;2;63;52;51;48;2;88;75;76m🮂[38;2;74;60;60;48;2;82;71;73m🬐[38;2;102;95;103;48;2;92;80;82m𜶖[38;2;102;96;104;48;2;100;88;92m𜴘[38;2;91;79;82;48;2;99;86;89m🭢[38;2;86;75;77;48;2;98;85;88m🬉[38;2;94;82;85;48;2;85;75;77m▲[38;2;80;67;68;48;2;74;58;58m▌[38;2;50;39;37;48;2;61;51;51m🬉[38;2;49;37;35;48;2;33;23;21m🭑[38;2;33;24;22;48;2;24;15;12m🬾[38;2;24;14;11;48;2;23;13;10mj[38;2;22;15;11;48;2;15;9;4m𜺨[0m[7m[38;2;15;9;4m⠀[0m[38;2;21;12;9;48;2;16;9;4m🬉[38;2;19;11;7;48;2;16;10;5m▕[38;2;62;53;52;48;2;24;16;12m▗[38;2;99;88;94;48;2;27;18;15m🬭[38;2;87;74;76;48;2;29;20;17m▂[38;2;33;22;20;48;2;51;40;39m🬄[38;2;61;46;46;48;2;75;51;47m▎[38;2;81;49;44;48;2;80;50;44m·[38;2;80;49;44;48;2;80;50;45m⎺[38;2;85;53;50;48;2;79;49;44m🮇[38;2;99;64;61;48;2;90;57;55m🭈[38;2;103;71;69;48;2;98;64;60m🭮[38;2;101;77;78;48;2;109;87;88m𜴺[38;2;112;114;127;48;2;118;102;108m🭅[38;2;113;114;128;48;2;112;114;128m˙[0m[7m[38;2;112;114;128m⠀⠀⠀⠀⠀⠀⠀⠀⠀⠀⠀⠀⠀⠀[0m[38;2;112;115;128;48;2;112;114;128m▕[38;2;111;113;127;48;2;110;107;124m▍[38;2;107;104;117;48;2;103;100;109m▎[48;2;103;100;111m⠐[38;2;107;105;118;48;2;103;100;110m🬀[0m
